order_id,customer,product,quantity,unit_price,order_date,delivery_date,total_sales
1,Cliente Industrial C,Vidrio Templado,237,322.97,12/24/2025,1/5/2026,76543.89
2,Cliente Industrial C,Vidrio Templado,298,279.32,8/13/2025,8/17/2025,83237.36
3,Cliente Industrial C,Vidrio Flotado,177,184.81,4/1/2025,4/4/2025,32711.37
4,Cliente Exportacion D,Vidrio Templado,387,121.6,9/24/2025,10/4/2025,47059.2
5,Cliente Industrial C,Vidrio Flotado,138,333.62,2/25/2025,3/3/2025,46039.56
6,Cliente Automotriz A,Vidrio Laminado,226,121.88,5/20/2025,6/4/2025,27544.88
7,Cliente Automotriz A,Vidrio Templado,303,149.73,9/8/2025,9/14/2025,45368.19
8,Cliente Construccion B,Vidrio Flotado,88,148.09,7/14/2025,7/25/2025,13031.92
9,Cliente Construccion B,Vidrio Laminado,319,122.16,5/29/2025,6/1/2025,38969.04
10,Cliente Construccion B,Vidrio Templado,222,165.15,5/24/2025,5/29/2025,36663.3
11,Cliente Exportacion D,Vidrio Laminado,141,285.32,3/5/2025,3/15/2025,40230.12
12,Cliente Industrial C,Vidrio Flotado,178,308.7,11/24/2025,12/3/2025,54948.6
13,Cliente Exportacion D,Vidrio Flotado,366,334.12,2/20/2025,2/25/2025,122287.92
14,Cliente Industrial C,Vidrio Flotado,301,244.11,1/8/2026,1/22/2026,73477.11
15,Cliente Automotriz A,Vidrio Flotado,223,189.86,12/28/2025,1/1/2026,42338.78
16,Cliente Exportacion D,Vidrio Laminado,406,261.99,6/5/2025,6/20/2025,106367.94
17,Cliente Construccion B,Vidrio Laminado,56,294.43,3/13/2025,3/21/2025,16488.08
18,Cliente Construccion B,Vidrio Flotado,191,181.3,1/4/2026,1/10/2026,34628.3
19,Cliente Exportacion D,Vidrio Flotado,201,349,8/17/2025,8/25/2025,70149
20,Cliente Industrial C,Vidrio Flotado,477,347.44,5/26/2025,6/6/2025,165728.88
21,Cliente Industrial C,Vidrio Flotado,486,345.5,10/26/2025,11/3/2025,167913
22,Cliente Exportacion D,Vidrio Templado,341,162.69,10/5/2025,10/20/2025,55477.29
23,Cliente Construccion B,Vidrio Laminado,199,121.49,9/30/2025,10/5/2025,24176.51
24,Cliente Industrial C,Vidrio Laminado,60,198.81,6/19/2025,7/2/2025,11928.6
25,Cliente Industrial C,Vidrio Laminado,420,310.82,2/24/2025,3/2/2025,130544.4
26,Cliente Construccion B,Vidrio Templado,468,334.4,4/3/2025,4/13/2025,156499.2
27,Cliente Construccion B,Vidrio Flotado,104,173.23,2/19/2025,3/3/2025,18015.92
28,Cliente Automotriz A,Vidrio Laminado,320,231.59,10/14/2025,10/22/2025,74108.8
29,Cliente Construccion B,Vidrio Flotado,87,161.87,12/28/2025,1/1/2026,14082.69
30,Cliente Industrial C,Vidrio Flotado,458,301.07,6/10/2025,6/13/2025,137890.06
31,Cliente Exportacion D,Vidrio Templado,69,159.93,4/27/2025,4/29/2025,11035.17
32,Cliente Automotriz A,Vidrio Templado,206,259.77,2/4/2025,2/16/2025,53512.62
33,Cliente Construccion B,Vidrio Templado,148,222.09,8/11/2025,8/20/2025,32869.32
34,Cliente Industrial C,Vidrio Templado,452,145.31,3/1/2025,3/3/2025,65680.12
35,Cliente Construccion B,Vidrio Templado,270,240.14,6/11/2025,6/13/2025,64837.8
36,Cliente Exportacion D,Vidrio Flotado,101,246.11,12/2/2025,12/7/2025,24857.11
37,Cliente Industrial C,Vidrio Templado,198,253.53,6/21/2025,6/26/2025,50198.94
38,Cliente Automotriz A,Vidrio Laminado,138,183.5,2/12/2025,2/20/2025,25323
39,Cliente Exportacion D,Vidrio Flotado,114,145.78,8/9/2025,8/22/2025,16618.92
40,Cliente Automotriz A,Vidrio Templado,112,285.18,6/10/2025,6/13/2025,31940.16
41,Cliente Exportacion D,Vidrio Flotado,221,284.79,1/7/2026,1/16/2026,62938.59
42,Cliente Industrial C,Vidrio Laminado,351,139.91,6/5/2025,6/15/2025,49108.41
43,Cliente Automotriz A,Vidrio Laminado,244,249.84,8/31/2025,9/14/2025,60960.96
44,Cliente Construccion B,Vidrio Laminado,344,221.73,11/30/2025,12/11/2025,76275.12
45,Cliente Exportacion D,Vidrio Laminado,491,338.66,12/26/2025,1/8/2026,166282.06
46,Cliente Construccion B,Vidrio Laminado,183,318.68,3/28/2025,3/31/2025,58318.44
47,Cliente Construccion B,Vidrio Templado,172,133.96,11/27/2025,12/3/2025,23041.12
48,Cliente Industrial C,Vidrio Laminado,382,287.44,10/23/2025,10/30/2025,109802.08
49,Cliente Automotriz A,Vidrio Laminado,234,164.86,11/21/2025,12/2/2025,38577.24
50,Cliente Industrial C,Vidrio Laminado,92,314.53,8/6/2025,8/9/2025,28936.76
51,Cliente Exportacion D,Vidrio Flotado,462,314.77,2/11/2025,2/16/2025,145423.74
52,Cliente Industrial C,Vidrio Laminado,194,277.38,7/24/2025,7/29/2025,53811.72
53,Cliente Construccion B,Vidrio Laminado,186,189.65,6/14/2025,6/18/2025,35274.9
54,Cliente Exportacion D,Vidrio Templado,260,147.65,9/1/2025,9/7/2025,38389
55,Cliente Exportacion D,Vidrio Laminado,304,180.24,1/24/2026,2/6/2026,54792.96
56,Cliente Exportacion D,Vidrio Laminado,446,297.51,7/22/2025,8/4/2025,132689.46
57,Cliente Construccion B,Vidrio Flotado,335,295.74,9/27/2025,10/12/2025,99072.9
58,Cliente Exportacion D,Vidrio Laminado,181,232.95,2/6/2025,2/19/2025,42163.95
59,Cliente Construccion B,Vidrio Flotado,277,189.61,10/8/2025,10/21/2025,52521.97
60,Cliente Exportacion D,Vidrio Templado,472,266.65,2/20/2025,3/5/2025,125858.8
61,Cliente Industrial C,Vidrio Flotado,438,295.81,5/24/2025,6/6/2025,129564.78
62,Cliente Construccion B,Vidrio Laminado,451,201.67,8/31/2025,9/8/2025,90953.17
63,Cliente Automotriz A,Vidrio Laminado,320,163.57,10/25/2025,11/9/2025,52342.4
64,Cliente Exportacion D,Vidrio Laminado,77,145.05,11/10/2025,11/13/2025,11168.85
65,Cliente Construccion B,Vidrio Flotado,151,128.32,11/2/2025,11/8/2025,19376.32
66,Cliente Industrial C,Vidrio Laminado,244,136.75,11/5/2025,11/11/2025,33367
67,Cliente Exportacion D,Vidrio Templado,369,263.05,10/20/2025,10/26/2025,97065.45
68,Cliente Construccion B,Vidrio Templado,111,198.83,4/30/2025,5/3/2025,22070.13
69,Cliente Construccion B,Vidrio Templado,218,264.6,11/3/2025,11/12/2025,57682.8
70,Cliente Construccion B,Vidrio Templado,182,313.54,8/10/2025,8/17/2025,57064.28
71,Cliente Construccion B,Vidrio Templado,366,239.77,6/24/2025,6/30/2025,87755.82
72,Cliente Industrial C,Vidrio Laminado,301,197.25,12/7/2025,12/12/2025,59372.25
73,Cliente Industrial C,Vidrio Templado,245,333.27,11/9/2025,11/17/2025,81651.15
74,Cliente Construccion B,Vidrio Laminado,485,205.65,1/18/2026,1/27/2026,99740.25
75,Cliente Exportacion D,Vidrio Templado,405,121.8,2/12/2025,2/17/2025,49329
76,Cliente Construccion B,Vidrio Flotado,278,234.89,7/11/2025,7/26/2025,65299.42
77,Cliente Industrial C,Vidrio Flotado,440,173.23,3/24/2025,4/8/2025,76221.2
78,Cliente Construccion B,Vidrio Templado,106,273,11/25/2025,12/4/2025,28938
79,Cliente Exportacion D,Vidrio Flotado,164,295.3,10/28/2025,10/30/2025,48429.2
80,Cliente Construccion B,Vidrio Laminado,259,293.44,7/22/2025,7/30/2025,76000.96
81,Cliente Industrial C,Vidrio Templado,300,273.55,12/28/2025,1/5/2026,82065
82,Cliente Exportacion D,Vidrio Templado,388,138.58,1/17/2026,1/26/2026,53769.04
83,Cliente Industrial C,Vidrio Templado,275,348.54,10/5/2025,10/11/2025,95848.5
84,Cliente Construccion B,Vidrio Laminado,161,209.95,8/21/2025,8/30/2025,33801.95
85,Cliente Industrial C,Vidrio Laminado,259,146.71,1/15/2026,1/22/2026,37997.89
86,Cliente Construccion B,Vidrio Templado,490,209.26,9/29/2025,10/12/2025,102537.4
87,Cliente Industrial C,Vidrio Templado,183,239.88,9/14/2025,9/26/2025,43898.04
88,Cliente Exportacion D,Vidrio Laminado,267,137.86,10/23/2025,11/7/2025,36808.62
89,Cliente Construccion B,Vidrio Flotado,133,172.93,3/9/2025,3/22/2025,22999.69
90,Cliente Construccion B,Vidrio Templado,424,255.22,3/18/2025,3/28/2025,108213.28
91,Cliente Exportacion D,Vidrio Flotado,263,157.83,8/1/2025,8/13/2025,41509.29
92,Cliente Construccion B,Vidrio Laminado,391,268.67,6/29/2025,7/9/2025,105049.97
93,Cliente Automotriz A,Vidrio Laminado,191,248.02,4/13/2025,4/28/2025,47371.82
94,Cliente Construccion B,Vidrio Flotado,156,246.01,3/9/2025,3/14/2025,38377.56
95,Cliente Exportacion D,Vidrio Templado,147,325.24,9/23/2025,9/30/2025,47810.28
96,Cliente Industrial C,Vidrio Laminado,124,309.74,1/20/2026,2/3/2026,38407.76
97,Cliente Exportacion D,Vidrio Laminado,439,243.45,3/14/2025,3/27/2025,106874.55
98,Cliente Construccion B,Vidrio Laminado,232,197.77,1/23/2026,2/5/2026,45882.64
99,Cliente Exportacion D,Vidrio Templado,325,341.33,12/28/2025,1/5/2026,110932.25
100,Cliente Automotriz A,Vidrio Flotado,58,193.7,12/25/2025,1/9/2026,11234.6
101,Cliente Industrial C,Vidrio Laminado,424,271.73,3/7/2025,3/21/2025,115213.52
102,Cliente Automotriz A,Vidrio Laminado,166,341.29,8/16/2025,8/20/2025,56654.14
103,Cliente Industrial C,Vidrio Flotado,358,142.01,3/15/2025,3/27/2025,50839.58
104,Cliente Automotriz A,Vidrio Laminado,430,150.06,5/25/2025,6/8/2025,64525.8
105,Cliente Construccion B,Vidrio Laminado,444,265.05,11/12/2025,11/25/2025,117682.2
106,Cliente Construccion B,Vidrio Flotado,85,265.24,8/5/2025,8/18/2025,22545.4
107,Cliente Exportacion D,Vidrio Flotado,239,342.1,12/29/2025,1/7/2026,81761.9
108,Cliente Industrial C,Vidrio Laminado,328,249.76,5/18/2025,5/28/2025,81921.28
109,Cliente Automotriz A,Vidrio Flotado,418,264.79,5/23/2025,6/2/2025,110682.22
110,Cliente Construccion B,Vidrio Templado,477,203.44,7/20/2025,7/25/2025,97040.88
111,Cliente Industrial C,Vidrio Flotado,116,335.88,7/29/2025,8/6/2025,38962.08
112,Cliente Construccion B,Vidrio Templado,201,139.42,2/23/2025,3/2/2025,28023.42
113,Cliente Automotriz A,Vidrio Flotado,51,152.43,9/12/2025,9/20/2025,7773.93
114,Cliente Automotriz A,Vidrio Laminado,261,284.98,11/24/2025,12/2/2025,74379.78
115,Cliente Exportacion D,Vidrio Laminado,101,255.12,3/4/2025,3/16/2025,25767.12
116,Cliente Industrial C,Vidrio Templado,147,296.72,5/10/2025,5/14/2025,43617.84
117,Cliente Automotriz A,Vidrio Laminado,56,239.25,6/1/2025,6/13/2025,13398
118,Cliente Industrial C,Vidrio Flotado,211,155.61,12/25/2025,12/27/2025,32833.71
119,Cliente Exportacion D,Vidrio Laminado,320,238.69,1/11/2026,1/15/2026,76380.8
120,Cliente Automotriz A,Vidrio Laminado,304,252.08,5/11/2025,5/26/2025,76632.32
121,Cliente Exportacion D,Vidrio Templado,240,166.78,11/23/2025,12/4/2025,40027.2
122,Cliente Construccion B,Vidrio Laminado,345,261.22,3/23/2025,3/28/2025,90120.9
123,Cliente Automotriz A,Vidrio Laminado,388,132.33,11/24/2025,12/6/2025,51344.04
124,Cliente Construccion B,Vidrio Templado,460,314.95,4/8/2025,4/21/2025,144877
125,Cliente Exportacion D,Vidrio Flotado,153,327.1,12/16/2025,12/23/2025,50046.3
126,Cliente Construccion B,Vidrio Laminado,256,342.31,11/9/2025,11/19/2025,87631.36
127,Cliente Industrial C,Vidrio Templado,65,314.36,7/4/2025,7/15/2025,20433.4
128,Cliente Construccion B,Vidrio Laminado,264,257.74,5/31/2025,6/4/2025,68043.36
129,Cliente Industrial C,Vidrio Laminado,115,308.71,5/16/2025,5/20/2025,35501.65
130,Cliente Industrial C,Vidrio Laminado,314,268.77,8/20/2025,8/24/2025,84393.78
131,Cliente Construccion B,Vidrio Templado,475,289.12,9/2/2025,9/4/2025,137332
132,Cliente Exportacion D,Vidrio Templado,304,197.33,12/26/2025,1/2/2026,59988.32
133,Cliente Industrial C,Vidrio Flotado,487,217.65,10/27/2025,11/3/2025,105995.55
134,Cliente Construccion B,Vidrio Templado,372,211.8,1/15/2026,1/17/2026,78789.6
135,Cliente Automotriz A,Vidrio Templado,300,227.77,1/28/2026,2/2/2026,68331
136,Cliente Exportacion D,Vidrio Templado,444,304.4,5/6/2025,5/8/2025,135153.6
137,Cliente Exportacion D,Vidrio Laminado,255,331.77,6/29/2025,7/10/2025,84601.35
138,Cliente Automotriz A,Vidrio Laminado,423,223.2,12/24/2025,1/3/2026,94413.6
139,Cliente Industrial C,Vidrio Templado,143,320.61,3/5/2025,3/13/2025,45847.23
140,Cliente Exportacion D,Vidrio Laminado,378,255.97,4/8/2025,4/15/2025,96756.66
141,Cliente Automotriz A,Vidrio Flotado,463,175.46,2/26/2025,3/7/2025,81237.98
142,Cliente Construccion B,Vidrio Laminado,190,221.97,3/5/2025,3/8/2025,42174.3
143,Cliente Industrial C,Vidrio Flotado,482,161.77,4/24/2025,5/7/2025,77973.14
144,Cliente Industrial C,Vidrio Laminado,495,169.54,8/26/2025,8/28/2025,83922.3
145,Cliente Automotriz A,Vidrio Flotado,476,320.82,9/29/2025,10/9/2025,152710.32
146,Cliente Automotriz A,Vidrio Laminado,367,224.12,10/8/2025,10/11/2025,82252.04
147,Cliente Automotriz A,Vidrio Laminado,139,210.19,10/4/2025,10/6/2025,29216.41
148,Cliente Automotriz A,Vidrio Laminado,304,301.26,1/19/2026,2/1/2026,91583.04
149,Cliente Construccion B,Vidrio Laminado,165,321.96,9/27/2025,10/5/2025,53123.4
150,Cliente Exportacion D,Vidrio Laminado,277,287.62,8/19/2025,8/22/2025,79670.74
151,Cliente Exportacion D,Vidrio Templado,172,186.53,10/29/2025,11/13/2025,32083.16
152,Cliente Exportacion D,Vidrio Flotado,75,182.02,12/5/2025,12/18/2025,13651.5
153,Cliente Automotriz A,Vidrio Flotado,361,338.17,7/1/2025,7/4/2025,122079.37
154,Cliente Automotriz A,Vidrio Laminado,441,161.72,7/6/2025,7/21/2025,71318.52
155,Cliente Exportacion D,Vidrio Laminado,492,226.93,2/25/2025,3/6/2025,111649.56
156,Cliente Automotriz A,Vidrio Laminado,204,332.41,1/1/2026,1/13/2026,67811.64
157,Cliente Industrial C,Vidrio Templado,79,184.17,11/30/2025,12/13/2025,14549.43
158,Cliente Industrial C,Vidrio Templado,441,207.74,5/4/2025,5/17/2025,91613.34
159,Cliente Exportacion D,Vidrio Templado,150,133.69,9/15/2025,9/19/2025,20053.5
160,Cliente Industrial C,Vidrio Laminado,290,197.38,9/12/2025,9/22/2025,57240.2
161,Cliente Exportacion D,Vidrio Flotado,214,188.2,1/2/2026,1/16/2026,40274.8
162,Cliente Exportacion D,Vidrio Templado,381,204.38,8/15/2025,8/24/2025,77868.78
163,Cliente Construccion B,Vidrio Templado,344,226.36,4/25/2025,5/4/2025,77867.84
164,Cliente Construccion B,Vidrio Laminado,194,140.19,7/21/2025,7/24/2025,27196.86
165,Cliente Industrial C,Vidrio Templado,155,319.86,11/4/2025,11/15/2025,49578.3
166,Cliente Exportacion D,Vidrio Laminado,187,156.77,10/29/2025,11/5/2025,29315.99
167,Cliente Automotriz A,Vidrio Templado,213,273.15,7/19/2025,7/29/2025,58180.95
168,Cliente Automotriz A,Vidrio Laminado,70,225.28,10/12/2025,10/24/2025,15769.6
169,Cliente Exportacion D,Vidrio Flotado,81,149.56,12/28/2025,1/7/2026,12114.36
170,Cliente Construccion B,Vidrio Flotado,160,323.52,2/23/2025,3/1/2025,51763.2
171,Cliente Exportacion D,Vidrio Flotado,482,201.77,11/8/2025,11/21/2025,97253.14
172,Cliente Construccion B,Vidrio Flotado,312,144.55,10/30/2025,11/4/2025,45099.6
173,Cliente Automotriz A,Vidrio Flotado,234,321.28,12/28/2025,1/7/2026,75179.52
174,Cliente Construccion B,Vidrio Templado,384,244.96,11/18/2025,11/30/2025,94064.64
175,Cliente Construccion B,Vidrio Templado,208,247.08,6/21/2025,7/4/2025,51392.64
176,Cliente Construccion B,Vidrio Flotado,366,298.34,10/12/2025,10/16/2025,109192.44
177,Cliente Industrial C,Vidrio Laminado,435,278.89,1/13/2026,1/22/2026,121317.15
178,Cliente Industrial C,Vidrio Flotado,373,150.81,11/18/2025,11/30/2025,56252.13
179,Cliente Automotriz A,Vidrio Flotado,163,336.08,7/25/2025,8/8/2025,54781.04
180,Cliente Industrial C,Vidrio Templado,495,249.67,8/25/2025,8/29/2025,123586.65
181,Cliente Automotriz A,Vidrio Templado,158,157.2,3/11/2025,3/20/2025,24837.6
182,Cliente Exportacion D,Vidrio Laminado,312,221.5,10/2/2025,10/16/2025,69108
183,Cliente Automotriz A,Vidrio Flotado,59,239.7,8/29/2025,8/31/2025,14142.3
184,Cliente Exportacion D,Vidrio Flotado,196,237.02,5/9/2025,5/22/2025,46455.92
185,Cliente Exportacion D,Vidrio Flotado,233,297.4,2/12/2025,2/18/2025,69294.2
186,Cliente Industrial C,Vidrio Templado,391,191.05,11/6/2025,11/10/2025,74700.55
187,Cliente Exportacion D,Vidrio Flotado,251,160.98,7/8/2025,7/17/2025,40405.98
188,Cliente Industrial C,Vidrio Templado,220,250.12,10/31/2025,11/11/2025,55026.4
189,Cliente Exportacion D,Vidrio Flotado,248,337.15,11/11/2025,11/13/2025,83613.2
190,Cliente Industrial C,Vidrio Laminado,51,211.01,9/4/2025,9/13/2025,10761.51
191,Cliente Exportacion D,Vidrio Laminado,158,215.95,10/23/2025,10/25/2025,34120.1
192,Cliente Construccion B,Vidrio Laminado,366,175.94,12/21/2025,1/1/2026,64394.04
193,Cliente Construccion B,Vidrio Flotado,381,330.07,4/7/2025,4/19/2025,125756.67
194,Cliente Construccion B,Vidrio Laminado,364,217.27,7/14/2025,7/20/2025,79086.28
195,Cliente Industrial C,Vidrio Laminado,263,254.06,8/26/2025,9/8/2025,66817.78
196,Cliente Construccion B,Vidrio Templado,226,250.31,3/13/2025,3/25/2025,56570.06
197,Cliente Automotriz A,Vidrio Templado,437,187.81,7/28/2025,8/11/2025,82072.97
198,Cliente Construccion B,Vidrio Templado,57,207.08,2/20/2025,2/26/2025,11803.56
199,Cliente Industrial C,Vidrio Flotado,402,169.61,9/25/2025,10/4/2025,68183.22
200,Cliente Industrial C,Vidrio Templado,417,335.61,2/24/2025,3/4/2025,139949.37
201,Cliente Industrial C,Vidrio Templado,75,298.05,4/12/2025,4/19/2025,22353.75
202,Cliente Construccion B,Vidrio Laminado,66,175.58,3/2/2025,3/6/2025,11588.28
203,Cliente Construccion B,Vidrio Templado,228,278.14,3/24/2025,3/30/2025,63415.92
204,Cliente Exportacion D,Vidrio Laminado,480,199.51,11/15/2025,11/22/2025,95764.8
205,Cliente Automotriz A,Vidrio Flotado,230,339.67,7/13/2025,7/21/2025,78124.1
206,Cliente Automotriz A,Vidrio Templado,209,321,3/24/2025,3/27/2025,67089
207,Cliente Automotriz A,Vidrio Flotado,200,305.9,9/17/2025,10/1/2025,61180
208,Cliente Exportacion D,Vidrio Laminado,312,258.43,1/13/2026,1/19/2026,80630.16
209,Cliente Construccion B,Vidrio Templado,75,240.39,6/23/2025,7/7/2025,18029.25
210,Cliente Industrial C,Vidrio Laminado,160,272.11,7/5/2025,7/14/2025,43537.6
211,Cliente Automotriz A,Vidrio Laminado,296,338.71,1/9/2026,1/20/2026,100258.16
212,Cliente Construccion B,Vidrio Laminado,268,243.98,8/12/2025,8/15/2025,65386.64
213,Cliente Industrial C,Vidrio Laminado,398,224.63,12/29/2025,1/13/2026,89402.74
214,Cliente Industrial C,Vidrio Templado,420,277.3,1/16/2026,1/31/2026,116466
215,Cliente Industrial C,Vidrio Flotado,330,344.52,8/7/2025,8/13/2025,113691.6
216,Cliente Industrial C,Vidrio Flotado,306,153.89,1/27/2026,2/7/2026,47090.34
217,Cliente Industrial C,Vidrio Templado,133,128.13,3/26/2025,3/28/2025,17041.29
218,Cliente Exportacion D,Vidrio Flotado,200,323.19,1/4/2026,1/10/2026,64638
219,Cliente Construccion B,Vidrio Flotado,389,186.01,7/30/2025,8/7/2025,72357.89
220,Cliente Industrial C,Vidrio Templado,174,254.17,1/12/2026,1/17/2026,44225.58
221,Cliente Automotriz A,Vidrio Flotado,233,159.95,3/1/2025,3/4/2025,37268.35
222,Cliente Automotriz A,Vidrio Laminado,104,272.79,11/7/2025,11/16/2025,28370.16
223,Cliente Exportacion D,Vidrio Flotado,146,164.34,4/30/2025,5/3/2025,23993.64
224,Cliente Construccion B,Vidrio Flotado,269,336.48,4/20/2025,4/30/2025,90513.12
225,Cliente Construccion B,Vidrio Flotado,227,233.48,10/5/2025,10/12/2025,52999.96
226,Cliente Exportacion D,Vidrio Laminado,250,178.04,4/25/2025,5/4/2025,44510
227,Cliente Exportacion D,Vidrio Flotado,310,265.4,8/20/2025,9/3/2025,82274
228,Cliente Construccion B,Vidrio Flotado,468,177.95,3/2/2025,3/13/2025,83280.6
229,Cliente Exportacion D,Vidrio Flotado,382,174.84,4/1/2025,4/3/2025,66788.88
230,Cliente Industrial C,Vidrio Laminado,267,259.63,11/15/2025,11/29/2025,69321.21
231,Cliente Automotriz A,Vidrio Laminado,287,348.77,7/10/2025,7/20/2025,100096.99
232,Cliente Automotriz A,Vidrio Laminado,434,345.12,6/16/2025,6/24/2025,149782.08
233,Cliente Industrial C,Vidrio Laminado,462,237.13,12/15/2025,12/18/2025,109554.06
234,Cliente Exportacion D,Vidrio Flotado,252,319.76,1/6/2026,1/10/2026,80579.52
235,Cliente Construccion B,Vidrio Laminado,268,121.72,9/22/2025,10/6/2025,32620.96
236,Cliente Exportacion D,Vidrio Templado,251,313.9,9/29/2025,10/2/2025,78788.9
237,Cliente Automotriz A,Vidrio Laminado,79,202.98,12/8/2025,12/21/2025,16035.42
238,Cliente Exportacion D,Vidrio Flotado,90,311.33,3/20/2025,3/23/2025,28019.7
239,Cliente Automotriz A,Vidrio Laminado,166,266.2,1/22/2026,2/4/2026,44189.2
240,Cliente Exportacion D,Vidrio Flotado,59,199.34,12/27/2025,12/29/2025,11761.06
241,Cliente Construccion B,Vidrio Templado,101,238.16,2/14/2025,2/22/2025,24054.16
242,Cliente Exportacion D,Vidrio Laminado,375,267.59,7/25/2025,8/7/2025,100346.25
243,Cliente Exportacion D,Vidrio Flotado,170,201.65,2/25/2025,3/9/2025,34280.5
244,Cliente Industrial C,Vidrio Templado,205,158.33,7/8/2025,7/21/2025,32457.65
245,Cliente Construccion B,Vidrio Flotado,490,333.52,7/3/2025,7/5/2025,163424.8
246,Cliente Exportacion D,Vidrio Laminado,130,261.33,4/13/2025,4/15/2025,33972.9
247,Cliente Automotriz A,Vidrio Laminado,482,162.39,1/5/2026,1/10/2026,78271.98
248,Cliente Exportacion D,Vidrio Flotado,358,128,7/28/2025,8/8/2025,45824
249,Cliente Automotriz A,Vidrio Flotado,235,261.59,7/2/2025,7/13/2025,61473.65
250,Cliente Automotriz A,Vidrio Laminado,469,238.63,6/1/2025,6/11/2025,111917.47
251,Cliente Industrial C,Vidrio Laminado,494,245.35,10/13/2025,10/28/2025,121202.9
252,Cliente Construccion B,Vidrio Laminado,360,145.4,1/26/2026,1/30/2026,52344
253,Cliente Industrial C,Vidrio Templado,296,310.64,9/14/2025,9/22/2025,91949.44
254,Cliente Exportacion D,Vidrio Laminado,320,257.88,7/31/2025,8/11/2025,82521.6
255,Cliente Construccion B,Vidrio Flotado,471,323.82,9/6/2025,9/15/2025,152519.22
256,Cliente Automotriz A,Vidrio Laminado,324,194.31,6/11/2025,6/14/2025,62956.44
257,Cliente Construccion B,Vidrio Templado,348,149.53,12/28/2025,1/3/2026,52036.44
258,Cliente Construccion B,Vidrio Templado,404,264.9,5/23/2025,6/2/2025,107019.6
259,Cliente Industrial C,Vidrio Flotado,269,258.59,2/18/2025,3/3/2025,69560.71
260,Cliente Exportacion D,Vidrio Laminado,223,340.65,6/21/2025,6/29/2025,75964.95
261,Cliente Automotriz A,Vidrio Templado,123,161.44,7/24/2025,7/31/2025,19857.12
262,Cliente Construccion B,Vidrio Laminado,222,256.46,8/26/2025,9/6/2025,56934.12
263,Cliente Construccion B,Vidrio Templado,481,200.36,8/10/2025,8/18/2025,96373.16
264,Cliente Automotriz A,Vidrio Templado,190,331.59,10/7/2025,10/19/2025,63002.1
265,Cliente Exportacion D,Vidrio Flotado,402,343.4,7/19/2025,8/3/2025,138046.8
266,Cliente Industrial C,Vidrio Flotado,99,259.48,8/6/2025,8/9/2025,25688.52
267,Cliente Construccion B,Vidrio Templado,241,326.78,12/4/2025,12/12/2025,78753.98
268,Cliente Automotriz A,Vidrio Templado,251,272.27,12/17/2025,12/24/2025,68339.77
269,Cliente Construccion B,Vidrio Templado,117,325.49,4/20/2025,4/23/2025,38082.33
270,Cliente Automotriz A,Vidrio Templado,237,218.47,7/7/2025,7/21/2025,51777.39
271,Cliente Construccion B,Vidrio Laminado,341,342.4,6/20/2025,6/22/2025,116758.4
272,Cliente Industrial C,Vidrio Flotado,455,201.19,10/1/2025,10/14/2025,91541.45
273,Cliente Automotriz A,Vidrio Laminado,372,166.57,8/18/2025,8/23/2025,61964.04
274,Cliente Construccion B,Vidrio Laminado,181,152.65,9/2/2025,9/11/2025,27629.65
275,Cliente Industrial C,Vidrio Laminado,458,202.13,1/31/2026,2/3/2026,92575.54
276,Cliente Automotriz A,Vidrio Templado,307,142.02,10/16/2025,10/29/2025,43600.14
277,Cliente Construccion B,Vidrio Laminado,415,201.08,7/2/2025,7/17/2025,83448.2
278,Cliente Automotriz A,Vidrio Flotado,452,132.85,3/18/2025,3/21/2025,60048.2
279,Cliente Construccion B,Vidrio Laminado,260,215.81,4/23/2025,5/1/2025,56110.6
280,Cliente Industrial C,Vidrio Templado,442,287.77,3/21/2025,3/23/2025,127194.34
281,Cliente Exportacion D,Vidrio Laminado,483,235.6,11/21/2025,11/25/2025,113794.8
282,Cliente Exportacion D,Vidrio Laminado,463,230.95,6/24/2025,6/26/2025,106929.85
283,Cliente Industrial C,Vidrio Laminado,362,191.1,2/1/2025,2/12/2025,69178.2
284,Cliente Industrial C,Vidrio Templado,184,207.94,1/27/2026,1/30/2026,38260.96
285,Cliente Exportacion D,Vidrio Laminado,202,281.13,6/30/2025,7/4/2025,56788.26
286,Cliente Industrial C,Vidrio Templado,458,193.67,4/29/2025,5/13/2025,88700.86
287,Cliente Construccion B,Vidrio Templado,452,245.66,4/30/2025,5/4/2025,111038.32
288,Cliente Industrial C,Vidrio Flotado,263,258.46,10/24/2025,10/29/2025,67974.98
289,Cliente Automotriz A,Vidrio Flotado,346,273.31,12/17/2025,12/24/2025,94565.26
290,Cliente Automotriz A,Vidrio Flotado,354,234.28,9/19/2025,9/24/2025,82935.12
291,Cliente Exportacion D,Vidrio Templado,58,349.85,11/4/2025,11/18/2025,20291.3
292,Cliente Construccion B,Vidrio Laminado,331,215.69,6/21/2025,6/25/2025,71393.39
293,Cliente Industrial C,Vidrio Flotado,145,348.1,11/18/2025,11/26/2025,50474.5
294,Cliente Industrial C,Vidrio Templado,207,335.29,1/17/2026,1/27/2026,69405.03
295,Cliente Industrial C,Vidrio Templado,490,259.83,12/25/2025,1/9/2026,127316.7
296,Cliente Automotriz A,Vidrio Flotado,250,134.55,12/4/2025,12/17/2025,33637.5
297,Cliente Industrial C,Vidrio Laminado,377,267.65,3/10/2025,3/24/2025,100904.05
298,Cliente Exportacion D,Vidrio Templado,250,327.74,3/14/2025,3/18/2025,81935
299,Cliente Construccion B,Vidrio Laminado,349,293.35,12/7/2025,12/18/2025,102379.15
300,Cliente Exportacion D,Vidrio Templado,308,256.04,4/11/2025,4/26/2025,78860.32
301,Cliente Automotriz A,Vidrio Laminado,427,303.31,1/1/2026,1/4/2026,129513.37
302,Cliente Exportacion D,Vidrio Templado,85,173.93,1/3/2026,1/5/2026,14784.05
303,Cliente Industrial C,Vidrio Laminado,446,247.19,9/21/2025,10/5/2025,110246.74
304,Cliente Automotriz A,Vidrio Laminado,271,277.94,9/2/2025,9/17/2025,75321.74
305,Cliente Industrial C,Vidrio Templado,306,186.31,2/15/2025,2/25/2025,57010.86
306,Cliente Automotriz A,Vidrio Laminado,265,333.86,2/7/2025,2/13/2025,88472.9
307,Cliente Exportacion D,Vidrio Laminado,291,155.95,12/11/2025,12/20/2025,45381.45
308,Cliente Construccion B,Vidrio Laminado,217,348.64,3/12/2025,3/16/2025,75654.88
309,Cliente Exportacion D,Vidrio Flotado,131,195.63,10/31/2025,11/15/2025,25627.53
310,Cliente Industrial C,Vidrio Laminado,297,325.31,9/4/2025,9/15/2025,96617.07
311,Cliente Construccion B,Vidrio Templado,245,332.03,2/23/2025,3/4/2025,81347.35
312,Cliente Exportacion D,Vidrio Templado,265,316.32,8/15/2025,8/27/2025,83824.8
313,Cliente Construccion B,Vidrio Laminado,151,304.85,3/18/2025,3/23/2025,46032.35
314,Cliente Exportacion D,Vidrio Laminado,347,161.06,10/29/2025,11/7/2025,55887.82
315,Cliente Automotriz A,Vidrio Laminado,456,320.94,7/30/2025,8/1/2025,146348.64
316,Cliente Industrial C,Vidrio Flotado,272,219.88,7/13/2025,7/23/2025,59807.36
317,Cliente Automotriz A,Vidrio Templado,238,276.03,12/21/2025,1/2/2026,65695.14
318,Cliente Construccion B,Vidrio Flotado,136,197.11,11/5/2025,11/17/2025,26806.96
319,Cliente Automotriz A,Vidrio Templado,308,216.42,1/11/2026,1/14/2026,66657.36
320,Cliente Exportacion D,Vidrio Flotado,334,318.92,11/6/2025,11/14/2025,106519.28
321,Cliente Construccion B,Vidrio Templado,373,297.16,9/28/2025,10/13/2025,110840.68
322,Cliente Construccion B,Vidrio Templado,182,224.66,3/21/2025,3/25/2025,40888.12
323,Cliente Construccion B,Vidrio Flotado,356,196.51,7/16/2025,7/22/2025,69957.56
324,Cliente Exportacion D,Vidrio Flotado,187,247.78,3/5/2025,3/19/2025,46334.86
325,Cliente Automotriz A,Vidrio Laminado,335,186.37,8/9/2025,8/23/2025,62433.95
326,Cliente Exportacion D,Vidrio Laminado,376,190.03,9/30/2025,10/13/2025,71451.28
327,Cliente Industrial C,Vidrio Laminado,237,125.34,9/24/2025,10/4/2025,29705.58
328,Cliente Automotriz A,Vidrio Flotado,368,158,5/26/2025,5/30/2025,58144
329,Cliente Industrial C,Vidrio Templado,269,121.36,12/16/2025,12/30/2025,32645.84
330,Cliente Industrial C,Vidrio Laminado,266,320.75,7/26/2025,8/7/2025,85319.5
331,Cliente Construccion B,Vidrio Laminado,462,245.49,1/1/2026,1/11/2026,113416.38
332,Cliente Industrial C,Vidrio Flotado,241,230.8,8/13/2025,8/17/2025,55622.8
333,Cliente Exportacion D,Vidrio Flotado,489,292.61,7/17/2025,8/1/2025,143086.29
334,Cliente Exportacion D,Vidrio Flotado,346,328.7,7/18/2025,8/1/2025,113730.2
335,Cliente Construccion B,Vidrio Flotado,115,129.63,7/20/2025,7/27/2025,14907.45
336,Cliente Industrial C,Vidrio Laminado,474,171.72,4/9/2025,4/17/2025,81395.28
337,Cliente Construccion B,Vidrio Templado,185,239.67,12/27/2025,1/1/2026,44338.95
338,Cliente Construccion B,Vidrio Laminado,438,177.89,8/8/2025,8/18/2025,77915.82
339,Cliente Construccion B,Vidrio Templado,483,203.15,9/18/2025,9/26/2025,98121.45
340,Cliente Construccion B,Vidrio Laminado,184,211.25,11/25/2025,12/8/2025,38870
341,Cliente Construccion B,Vidrio Flotado,144,148.5,7/15/2025,7/26/2025,21384
342,Cliente Automotriz A,Vidrio Laminado,176,179.61,8/20/2025,8/24/2025,31611.36
343,Cliente Exportacion D,Vidrio Flotado,415,129.59,7/30/2025,8/13/2025,53779.85
344,Cliente Construccion B,Vidrio Flotado,112,330.72,12/3/2025,12/8/2025,37040.64
345,Cliente Industrial C,Vidrio Laminado,273,324.29,5/28/2025,5/31/2025,88531.17
346,Cliente Automotriz A,Vidrio Templado,436,307.04,10/9/2025,10/23/2025,133869.44
347,Cliente Construccion B,Vidrio Flotado,465,168.19,7/2/2025,7/5/2025,78208.35
348,Cliente Automotriz A,Vidrio Templado,358,182.5,1/1/2026,1/6/2026,65335
349,Cliente Exportacion D,Vidrio Templado,143,283.79,8/12/2025,8/22/2025,40581.97
350,Cliente Automotriz A,Vidrio Flotado,104,161.41,7/9/2025,7/12/2025,16786.64
351,Cliente Construccion B,Vidrio Templado,263,346.51,3/22/2025,4/1/2025,91132.13
352,Cliente Industrial C,Vidrio Flotado,175,209.06,1/17/2026,1/20/2026,36585.5
353,Cliente Construccion B,Vidrio Laminado,186,221.95,9/6/2025,9/14/2025,41282.7
354,Cliente Industrial C,Vidrio Flotado,316,140.85,3/16/2025,3/30/2025,44508.6
355,Cliente Construccion B,Vidrio Laminado,87,246.3,4/13/2025,4/15/2025,21428.1
356,Cliente Construccion B,Vidrio Templado,440,149.28,6/30/2025,7/2/2025,65683.2
357,Cliente Industrial C,Vidrio Laminado,385,126.97,4/15/2025,4/25/2025,48883.45
358,Cliente Automotriz A,Vidrio Flotado,362,146.48,2/5/2025,2/19/2025,53025.76
359,Cliente Automotriz A,Vidrio Templado,136,151.59,10/4/2025,10/16/2025,20616.24
360,Cliente Construccion B,Vidrio Flotado,113,236.41,12/1/2025,12/11/2025,26714.33
361,Cliente Construccion B,Vidrio Templado,233,179.93,3/16/2025,3/22/2025,41923.69
362,Cliente Construccion B,Vidrio Laminado,442,273,6/13/2025,6/25/2025,120666
363,Cliente Construccion B,Vidrio Templado,193,299.6,5/11/2025,5/13/2025,57822.8
364,Cliente Industrial C,Vidrio Flotado,261,209.52,3/14/2025,3/25/2025,54684.72
365,Cliente Construccion B,Vidrio Laminado,481,190.36,2/6/2025,2/13/2025,91563.16
366,Cliente Construccion B,Vidrio Flotado,163,176.29,9/13/2025,9/25/2025,28735.27
367,Cliente Industrial C,Vidrio Laminado,417,260.13,6/26/2025,6/29/2025,108474.21
368,Cliente Construccion B,Vidrio Templado,302,233.71,2/20/2025,3/2/2025,70580.42
369,Cliente Exportacion D,Vidrio Laminado,469,296.26,10/5/2025,10/11/2025,138945.94
370,Cliente Automotriz A,Vidrio Laminado,474,333.14,9/5/2025,9/11/2025,157908.36
371,Cliente Industrial C,Vidrio Laminado,99,221.36,9/21/2025,9/29/2025,21914.64
372,Cliente Automotriz A,Vidrio Flotado,426,214.89,9/8/2025,9/23/2025,91543.14
373,Cliente Automotriz A,Vidrio Laminado,232,144.46,11/29/2025,12/7/2025,33514.72
374,Cliente Exportacion D,Vidrio Templado,175,337.86,7/22/2025,7/25/2025,59125.5
375,Cliente Exportacion D,Vidrio Flotado,208,177.57,8/19/2025,8/25/2025,36934.56
376,Cliente Industrial C,Vidrio Templado,495,273.64,10/20/2025,11/3/2025,135451.8
377,Cliente Exportacion D,Vidrio Laminado,282,262.24,2/3/2025,2/15/2025,73951.68
378,Cliente Industrial C,Vidrio Laminado,204,263.48,8/22/2025,9/4/2025,53749.92
379,Cliente Industrial C,Vidrio Flotado,469,290.87,1/18/2026,1/30/2026,136418.03
380,Cliente Exportacion D,Vidrio Templado,319,168.3,1/12/2026,1/26/2026,53687.7
381,Cliente Construccion B,Vidrio Laminado,304,150.98,7/10/2025,7/19/2025,45897.92
382,Cliente Exportacion D,Vidrio Laminado,318,338.7,8/22/2025,8/29/2025,107706.6
383,Cliente Automotriz A,Vidrio Flotado,330,267.76,4/2/2025,4/4/2025,88360.8
384,Cliente Construccion B,Vidrio Templado,85,130.25,9/2/2025,9/10/2025,11071.25
385,Cliente Industrial C,Vidrio Laminado,297,339.52,12/27/2025,12/29/2025,100837.44
386,Cliente Exportacion D,Vidrio Templado,258,340.51,5/10/2025,5/21/2025,87851.58
387,Cliente Construccion B,Vidrio Templado,470,177.46,2/14/2025,2/24/2025,83406.2
388,Cliente Construccion B,Vidrio Flotado,102,182.54,8/28/2025,9/10/2025,18619.08
389,Cliente Industrial C,Vidrio Laminado,336,132.43,9/20/2025,9/22/2025,44496.48
390,Cliente Automotriz A,Vidrio Laminado,465,272.9,3/15/2025,3/29/2025,126898.5
391,Cliente Construccion B,Vidrio Laminado,386,139.08,2/28/2025,3/12/2025,53684.88
392,Cliente Exportacion D,Vidrio Flotado,261,257.34,10/27/2025,10/31/2025,67165.74
393,Cliente Construccion B,Vidrio Templado,400,280.47,12/13/2025,12/25/2025,112188
394,Cliente Construccion B,Vidrio Flotado,241,144.22,11/2/2025,11/6/2025,34757.02
395,Cliente Exportacion D,Vidrio Flotado,149,166.99,1/25/2026,2/3/2026,24881.51
396,Cliente Automotriz A,Vidrio Flotado,125,257.24,11/27/2025,12/11/2025,32155
397,Cliente Automotriz A,Vidrio Laminado,121,149.75,7/21/2025,7/24/2025,18119.75
398,Cliente Exportacion D,Vidrio Laminado,233,284.96,5/10/2025,5/16/2025,66395.68
399,Cliente Automotriz A,Vidrio Laminado,427,193.96,9/23/2025,10/5/2025,82820.92
400,Cliente Industrial C,Vidrio Flotado,468,343.16,11/6/2025,11/10/2025,160598.88
401,Cliente Exportacion D,Vidrio Templado,441,150.31,3/31/2025,4/13/2025,66286.71
402,Cliente Automotriz A,Vidrio Laminado,112,345.24,4/26/2025,5/5/2025,38666.88
403,Cliente Automotriz A,Vidrio Laminado,478,282.64,12/30/2025,1/1/2026,135101.92
404,Cliente Construccion B,Vidrio Laminado,441,156.11,9/16/2025,9/26/2025,68844.51
405,Cliente Construccion B,Vidrio Laminado,66,121.75,3/3/2025,3/8/2025,8035.5
406,Cliente Exportacion D,Vidrio Flotado,100,346.5,8/21/2025,9/4/2025,34650
407,Cliente Construccion B,Vidrio Flotado,497,303.44,3/5/2025,3/9/2025,150809.68
408,Cliente Automotriz A,Vidrio Templado,483,205.42,2/9/2025,2/23/2025,99217.86
409,Cliente Construccion B,Vidrio Templado,354,133.13,12/2/2025,12/6/2025,47128.02
410,Cliente Exportacion D,Vidrio Laminado,470,224.09,8/4/2025,8/14/2025,105322.3
411,Cliente Exportacion D,Vidrio Templado,93,315.06,8/17/2025,8/27/2025,29300.58
412,Cliente Construccion B,Vidrio Laminado,299,289.6,2/21/2025,3/8/2025,86590.4
413,Cliente Construccion B,Vidrio Laminado,173,162.17,4/25/2025,5/5/2025,28055.41
414,Cliente Exportacion D,Vidrio Templado,322,172.39,11/28/2025,12/5/2025,55509.58
415,Cliente Industrial C,Vidrio Flotado,124,172.63,12/11/2025,12/15/2025,21406.12
416,Cliente Automotriz A,Vidrio Flotado,466,209.95,2/1/2025,2/10/2025,97836.7
417,Cliente Construccion B,Vidrio Flotado,85,309.06,12/13/2025,12/25/2025,26270.1
418,Cliente Exportacion D,Vidrio Laminado,328,325.66,6/16/2025,6/29/2025,106816.48
419,Cliente Exportacion D,Vidrio Flotado,169,128.22,7/12/2025,7/20/2025,21669.18
420,Cliente Industrial C,Vidrio Laminado,482,253.6,2/5/2025,2/8/2025,122235.2
421,Cliente Industrial C,Vidrio Laminado,494,183.99,8/20/2025,8/27/2025,90891.06
422,Cliente Construccion B,Vidrio Flotado,237,285.47,4/19/2025,4/24/2025,67656.39
423,Cliente Construccion B,Vidrio Templado,245,205.49,10/2/2025,10/12/2025,50345.05
424,Cliente Construccion B,Vidrio Templado,380,285.94,9/23/2025,9/26/2025,108657.2
425,Cliente Construccion B,Vidrio Templado,117,182.05,9/30/2025,10/15/2025,21299.85
426,Cliente Construccion B,Vidrio Flotado,151,172.2,10/21/2025,10/30/2025,26002.2
427,Cliente Industrial C,Vidrio Templado,346,253.38,5/17/2025,5/25/2025,87669.48
428,Cliente Exportacion D,Vidrio Laminado,54,130.32,5/7/2025,5/17/2025,7037.28
429,Cliente Exportacion D,Vidrio Flotado,253,156.44,4/15/2025,4/27/2025,39579.32
430,Cliente Industrial C,Vidrio Templado,207,147.63,2/26/2025,3/5/2025,30559.41
431,Cliente Automotriz A,Vidrio Flotado,485,173.16,10/29/2025,11/5/2025,83982.6
432,Cliente Automotriz A,Vidrio Laminado,229,280.48,1/20/2026,1/27/2026,64229.92
433,Cliente Exportacion D,Vidrio Laminado,333,123.93,1/24/2026,1/29/2026,41268.69
434,Cliente Industrial C,Vidrio Laminado,291,160.73,11/30/2025,12/14/2025,46772.43
435,Cliente Construccion B,Vidrio Laminado,218,222.93,11/9/2025,11/14/2025,48598.74
436,Cliente Industrial C,Vidrio Templado,424,343.52,12/6/2025,12/8/2025,145652.48
437,Cliente Automotriz A,Vidrio Templado,420,334.02,7/4/2025,7/7/2025,140288.4
438,Cliente Industrial C,Vidrio Templado,377,307.55,3/30/2025,4/1/2025,115946.35
439,Cliente Exportacion D,Vidrio Flotado,355,235.71,6/2/2025,6/13/2025,83677.05
440,Cliente Automotriz A,Vidrio Laminado,458,166.73,1/6/2026,1/10/2026,76362.34
441,Cliente Industrial C,Vidrio Flotado,93,295.65,8/22/2025,8/24/2025,27495.45
442,Cliente Construccion B,Vidrio Laminado,422,267.69,5/24/2025,5/26/2025,112965.18
443,Cliente Automotriz A,Vidrio Templado,467,138.26,4/8/2025,4/18/2025,64567.42
444,Cliente Automotriz A,Vidrio Templado,260,180.4,3/21/2025,3/30/2025,46904
445,Cliente Exportacion D,Vidrio Flotado,336,156.99,9/21/2025,9/27/2025,52748.64
446,Cliente Construccion B,Vidrio Flotado,488,345.22,6/28/2025,7/10/2025,168467.36
447,Cliente Exportacion D,Vidrio Laminado,409,230.56,11/2/2025,11/11/2025,94299.04
448,Cliente Exportacion D,Vidrio Laminado,206,340.26,4/30/2025,5/12/2025,70093.56
449,Cliente Industrial C,Vidrio Templado,175,318.13,11/17/2025,11/21/2025,55672.75
450,Cliente Industrial C,Vidrio Flotado,144,260.34,10/8/2025,10/23/2025,37488.96
451,Cliente Construccion B,Vidrio Templado,233,265.48,1/2/2026,1/17/2026,61856.84
452,Cliente Construccion B,Vidrio Flotado,228,188.15,1/29/2026,2/6/2026,42898.2
453,Cliente Construccion B,Vidrio Flotado,88,236.6,10/27/2025,10/29/2025,20820.8
454,Cliente Automotriz A,Vidrio Flotado,384,134.12,4/4/2025,4/12/2025,51502.08
455,Cliente Exportacion D,Vidrio Laminado,326,257.36,10/25/2025,11/5/2025,83899.36
456,Cliente Automotriz A,Vidrio Flotado,326,300.92,12/20/2025,12/29/2025,98099.92
457,Cliente Industrial C,Vidrio Laminado,229,200.31,12/29/2025,1/6/2026,45870.99
458,Cliente Industrial C,Vidrio Laminado,491,212.63,11/21/2025,12/3/2025,104401.33
459,Cliente Exportacion D,Vidrio Laminado,475,230.49,10/21/2025,11/1/2025,109482.75
460,Cliente Industrial C,Vidrio Laminado,283,292.1,1/2/2026,1/9/2026,82664.3
461,Cliente Exportacion D,Vidrio Flotado,359,239.93,4/26/2025,4/30/2025,86134.87
462,Cliente Industrial C,Vidrio Flotado,250,203.17,5/31/2025,6/4/2025,50792.5
463,Cliente Automotriz A,Vidrio Templado,361,344,4/27/2025,5/6/2025,124184
464,Cliente Exportacion D,Vidrio Templado,416,326.84,6/10/2025,6/14/2025,135965.44
465,Cliente Industrial C,Vidrio Flotado,398,326.56,9/3/2025,9/9/2025,129970.88
466,Cliente Industrial C,Vidrio Templado,265,156.41,4/16/2025,4/18/2025,41448.65
467,Cliente Construccion B,Vidrio Laminado,421,124.58,5/15/2025,5/27/2025,52448.18
468,Cliente Automotriz A,Vidrio Templado,316,331.88,7/17/2025,7/31/2025,104874.08
469,Cliente Automotriz A,Vidrio Laminado,283,271.67,7/7/2025,7/10/2025,76882.61
470,Cliente Exportacion D,Vidrio Flotado,185,267.9,12/8/2025,12/16/2025,49561.5
471,Cliente Automotriz A,Vidrio Laminado,160,260.94,9/23/2025,10/6/2025,41750.4
472,Cliente Automotriz A,Vidrio Laminado,203,195.18,8/15/2025,8/19/2025,39621.54
473,Cliente Construccion B,Vidrio Templado,141,313.8,2/14/2025,2/20/2025,44245.8
474,Cliente Automotriz A,Vidrio Templado,441,316.75,10/29/2025,11/6/2025,139686.75
475,Cliente Exportacion D,Vidrio Templado,54,263.79,12/1/2025,12/7/2025,14244.66
476,Cliente Automotriz A,Vidrio Templado,358,178.51,11/26/2025,12/4/2025,63906.58
477,Cliente Exportacion D,Vidrio Laminado,448,298.37,1/17/2026,1/25/2026,133669.76
478,Cliente Construccion B,Vidrio Templado,375,323.46,9/13/2025,9/18/2025,121297.5
479,Cliente Exportacion D,Vidrio Flotado,209,279.39,12/17/2025,12/30/2025,58392.51
480,Cliente Industrial C,Vidrio Laminado,58,216.83,10/10/2025,10/22/2025,12576.14
481,Cliente Automotriz A,Vidrio Flotado,356,228.19,3/2/2025,3/13/2025,81235.64
482,Cliente Construccion B,Vidrio Templado,218,209.14,4/16/2025,4/23/2025,45592.52
483,Cliente Industrial C,Vidrio Flotado,301,148.19,10/14/2025,10/18/2025,44605.19
484,Cliente Industrial C,Vidrio Laminado,61,311.68,2/27/2025,3/1/2025,19012.48
485,Cliente Exportacion D,Vidrio Flotado,317,191.57,7/1/2025,7/15/2025,60727.69
486,Cliente Exportacion D,Vidrio Laminado,259,347.1,6/1/2025,6/5/2025,89898.9
487,Cliente Construccion B,Vidrio Laminado,187,237.54,10/19/2025,11/3/2025,44419.98
488,Cliente Exportacion D,Vidrio Templado,467,210.15,9/22/2025,10/2/2025,98140.05
489,Cliente Construccion B,Vidrio Laminado,471,297.49,3/4/2025,3/7/2025,140117.79
490,Cliente Exportacion D,Vidrio Flotado,366,327.41,6/4/2025,6/9/2025,119832.06
491,Cliente Exportacion D,Vidrio Flotado,129,222.07,3/17/2025,3/26/2025,28647.03
492,Cliente Industrial C,Vidrio Templado,454,130.86,2/10/2025,2/23/2025,59410.44
493,Cliente Exportacion D,Vidrio Flotado,163,328.83,4/5/2025,4/16/2025,53599.29
494,Cliente Exportacion D,Vidrio Templado,125,266.03,10/30/2025,11/4/2025,33253.75
495,Cliente Exportacion D,Vidrio Flotado,383,255.14,2/26/2025,3/2/2025,97718.62
496,Cliente Exportacion D,Vidrio Laminado,188,127.01,9/30/2025,10/15/2025,23877.88
497,Cliente Construccion B,Vidrio Templado,330,267.52,7/23/2025,7/28/2025,88281.6
498,Cliente Automotriz A,Vidrio Templado,397,155.54,10/22/2025,10/26/2025,61749.38
499,Cliente Exportacion D,Vidrio Templado,336,171.94,7/17/2025,7/21/2025,57771.84
500,Cliente Exportacion D,Vidrio Flotado,380,216.59,10/1/2025,10/6/2025,82304.2
501,Cliente Exportacion D,Vidrio Laminado,417,312.32,10/8/2025,10/19/2025,130237.44
502,Cliente Industrial C,Vidrio Flotado,352,275.81,2/5/2025,2/17/2025,97085.12
503,Cliente Construccion B,Vidrio Laminado,320,318.48,3/1/2025,3/6/2025,101913.6
504,Cliente Exportacion D,Vidrio Templado,309,202.26,12/24/2025,1/6/2026,62498.34
505,Cliente Construccion B,Vidrio Flotado,251,158.11,5/21/2025,5/25/2025,39685.61
506,Cliente Industrial C,Vidrio Flotado,358,326.14,1/22/2026,2/1/2026,116758.12
507,Cliente Construccion B,Vidrio Flotado,55,223.87,2/6/2025,2/13/2025,12312.85
508,Cliente Industrial C,Vidrio Laminado,484,287.57,9/22/2025,9/28/2025,139183.88
509,Cliente Exportacion D,Vidrio Laminado,249,229.65,7/10/2025,7/21/2025,57182.85
510,Cliente Exportacion D,Vidrio Templado,220,299.11,9/17/2025,9/27/2025,65804.2
511,Cliente Industrial C,Vidrio Templado,196,151.05,4/16/2025,4/18/2025,29605.8
512,Cliente Construccion B,Vidrio Laminado,444,326.8,1/24/2026,1/28/2026,145099.2
513,Cliente Exportacion D,Vidrio Laminado,364,265.89,4/16/2025,4/23/2025,96783.96
514,Cliente Industrial C,Vidrio Laminado,152,228.68,1/18/2026,1/21/2026,34759.36
515,Cliente Exportacion D,Vidrio Laminado,215,290.09,3/6/2025,3/15/2025,62369.35
516,Cliente Industrial C,Vidrio Templado,370,301.65,6/15/2025,6/29/2025,111610.5
517,Cliente Construccion B,Vidrio Laminado,427,254.01,7/3/2025,7/10/2025,108462.27
518,Cliente Construccion B,Vidrio Flotado,203,235.72,6/25/2025,7/8/2025,47851.16
519,Cliente Automotriz A,Vidrio Templado,469,160.57,1/27/2026,2/1/2026,75307.33
520,Cliente Construccion B,Vidrio Laminado,413,320.97,1/25/2026,1/29/2026,132560.61
521,Cliente Automotriz A,Vidrio Templado,238,326.61,5/6/2025,5/10/2025,77733.18
522,Cliente Construccion B,Vidrio Laminado,444,190.52,2/19/2025,2/26/2025,84590.88
523,Cliente Industrial C,Vidrio Templado,134,245.92,7/29/2025,8/4/2025,32953.28
524,Cliente Construccion B,Vidrio Templado,307,251.82,11/30/2025,12/11/2025,77308.74
525,Cliente Automotriz A,Vidrio Laminado,116,257.86,10/12/2025,10/16/2025,29911.76
526,Cliente Exportacion D,Vidrio Templado,474,293.29,2/21/2025,3/5/2025,139019.46
527,Cliente Automotriz A,Vidrio Laminado,370,286.95,11/14/2025,11/27/2025,106171.5
528,Cliente Industrial C,Vidrio Laminado,115,311.45,10/14/2025,10/22/2025,35816.75
529,Cliente Automotriz A,Vidrio Flotado,291,169.94,4/10/2025,4/16/2025,49452.54
530,Cliente Automotriz A,Vidrio Templado,346,204.05,2/24/2025,3/10/2025,70601.3
531,Cliente Industrial C,Vidrio Templado,214,190.02,12/29/2025,1/4/2026,40664.28
532,Cliente Industrial C,Vidrio Laminado,146,159.82,12/22/2025,12/24/2025,23333.72
533,Cliente Construccion B,Vidrio Templado,299,259.32,6/8/2025,6/14/2025,77536.68
534,Cliente Industrial C,Vidrio Templado,356,339.99,6/1/2025,6/11/2025,121036.44
535,Cliente Construccion B,Vidrio Templado,349,326.96,7/31/2025,8/10/2025,114109.04
536,Cliente Construccion B,Vidrio Templado,398,171.77,4/16/2025,5/1/2025,68364.46
537,Cliente Industrial C,Vidrio Laminado,444,231.27,2/20/2025,2/27/2025,102683.88
538,Cliente Automotriz A,Vidrio Templado,343,240.81,3/11/2025,3/16/2025,82597.83
539,Cliente Automotriz A,Vidrio Laminado,155,126.13,5/10/2025,5/13/2025,19550.15
540,Cliente Industrial C,Vidrio Flotado,138,344.95,5/30/2025,6/4/2025,47603.1
541,Cliente Exportacion D,Vidrio Templado,252,252.74,10/5/2025,10/7/2025,63690.48
542,Cliente Automotriz A,Vidrio Templado,228,314.06,1/15/2026,1/24/2026,71605.68
543,Cliente Construccion B,Vidrio Laminado,389,343.45,2/11/2025,2/24/2025,133602.05
544,Cliente Industrial C,Vidrio Templado,99,303.61,6/15/2025,6/17/2025,30057.39
545,Cliente Exportacion D,Vidrio Templado,77,156.4,12/7/2025,12/16/2025,12042.8
546,Cliente Automotriz A,Vidrio Templado,446,240.39,9/1/2025,9/4/2025,107213.94
547,Cliente Industrial C,Vidrio Templado,259,253.91,9/16/2025,9/19/2025,65762.69
548,Cliente Exportacion D,Vidrio Flotado,271,165.28,1/25/2026,2/6/2026,44790.88
549,Cliente Automotriz A,Vidrio Templado,110,243.39,12/28/2025,1/1/2026,26772.9
550,Cliente Automotriz A,Vidrio Templado,469,150.95,7/9/2025,7/19/2025,70795.55
551,Cliente Exportacion D,Vidrio Flotado,412,242.5,11/18/2025,11/27/2025,99910
552,Cliente Industrial C,Vidrio Templado,382,147.72,1/20/2026,1/28/2026,56429.04
553,Cliente Construccion B,Vidrio Laminado,86,248.12,5/18/2025,5/21/2025,21338.32
554,Cliente Exportacion D,Vidrio Flotado,314,259.04,8/9/2025,8/12/2025,81338.56
555,Cliente Exportacion D,Vidrio Flotado,465,267.61,9/21/2025,9/23/2025,124438.65
556,Cliente Industrial C,Vidrio Flotado,327,167.37,5/31/2025,6/10/2025,54729.99
557,Cliente Automotriz A,Vidrio Templado,183,219.3,9/24/2025,10/5/2025,40131.9
558,Cliente Construccion B,Vidrio Laminado,493,241.42,6/27/2025,7/12/2025,119020.06
559,Cliente Industrial C,Vidrio Flotado,50,275.93,2/21/2025,2/23/2025,13796.5
560,Cliente Exportacion D,Vidrio Templado,120,340.27,6/16/2025,6/30/2025,40832.4
561,Cliente Industrial C,Vidrio Templado,59,151.25,10/16/2025,10/31/2025,8923.75
562,Cliente Construccion B,Vidrio Laminado,67,158.14,6/1/2025,6/14/2025,10595.38
563,Cliente Exportacion D,Vidrio Flotado,116,207.18,7/9/2025,7/12/2025,24032.88
564,Cliente Industrial C,Vidrio Laminado,282,159.72,3/17/2025,3/21/2025,45041.04
565,Cliente Automotriz A,Vidrio Flotado,213,175.07,4/20/2025,4/30/2025,37289.91
566,Cliente Construccion B,Vidrio Flotado,79,239.37,9/17/2025,9/24/2025,18910.23
567,Cliente Exportacion D,Vidrio Templado,362,245.17,10/21/2025,11/2/2025,88751.54
568,Cliente Construccion B,Vidrio Templado,233,345.83,8/22/2025,8/26/2025,80578.39
569,Cliente Construccion B,Vidrio Flotado,470,133.43,3/6/2025,3/14/2025,62712.1
570,Cliente Construccion B,Vidrio Laminado,340,160.37,7/26/2025,8/10/2025,54525.8
571,Cliente Exportacion D,Vidrio Templado,99,254.01,9/27/2025,10/7/2025,25146.99
572,Cliente Industrial C,Vidrio Flotado,71,144.4,10/15/2025,10/21/2025,10252.4
573,Cliente Exportacion D,Vidrio Templado,101,327.07,11/3/2025,11/12/2025,33034.07
574,Cliente Industrial C,Vidrio Templado,481,125.19,9/26/2025,9/30/2025,60216.39
575,Cliente Construccion B,Vidrio Templado,470,315.6,7/12/2025,7/20/2025,148332
576,Cliente Exportacion D,Vidrio Laminado,277,251.79,7/15/2025,7/24/2025,69745.83
577,Cliente Exportacion D,Vidrio Templado,458,163.83,8/25/2025,8/29/2025,75034.14
578,Cliente Automotriz A,Vidrio Templado,365,317.95,11/24/2025,12/9/2025,116051.75
579,Cliente Exportacion D,Vidrio Flotado,86,260.42,9/14/2025,9/29/2025,22396.12
580,Cliente Construccion B,Vidrio Templado,52,234.54,1/10/2026,1/19/2026,12196.08
581,Cliente Industrial C,Vidrio Templado,196,153.74,10/10/2025,10/17/2025,30133.04
582,Cliente Exportacion D,Vidrio Templado,211,158.13,5/26/2025,5/29/2025,33365.43
583,Cliente Exportacion D,Vidrio Laminado,160,178.3,5/17/2025,5/30/2025,28528
584,Cliente Industrial C,Vidrio Laminado,105,296.35,12/4/2025,12/6/2025,31116.75
585,Cliente Exportacion D,Vidrio Laminado,255,224.46,9/4/2025,9/12/2025,57237.3
586,Cliente Automotriz A,Vidrio Flotado,481,295,11/26/2025,12/5/2025,141895
587,Cliente Automotriz A,Vidrio Laminado,163,315.47,12/24/2025,12/29/2025,51421.61
588,Cliente Industrial C,Vidrio Flotado,245,281.2,4/26/2025,5/5/2025,68894
589,Cliente Exportacion D,Vidrio Flotado,153,155.43,6/7/2025,6/9/2025,23780.79
590,Cliente Industrial C,Vidrio Laminado,473,171.04,11/26/2025,12/7/2025,80901.92
591,Cliente Construccion B,Vidrio Laminado,415,313.96,1/16/2026,1/30/2026,130293.4
592,Cliente Automotriz A,Vidrio Laminado,297,255.27,7/2/2025,7/7/2025,75815.19
593,Cliente Exportacion D,Vidrio Flotado,325,123.8,12/17/2025,12/21/2025,40235
594,Cliente Construccion B,Vidrio Flotado,426,322.73,7/22/2025,8/5/2025,137482.98
595,Cliente Industrial C,Vidrio Templado,275,285.46,10/30/2025,11/9/2025,78501.5
596,Cliente Automotriz A,Vidrio Laminado,306,292.52,5/22/2025,5/25/2025,89511.12
597,Cliente Automotriz A,Vidrio Templado,161,252.64,10/31/2025,11/8/2025,40675.04
598,Cliente Exportacion D,Vidrio Templado,177,282.43,7/8/2025,7/16/2025,49990.11
599,Cliente Industrial C,Vidrio Flotado,323,321.95,7/7/2025,7/15/2025,103989.85
600,Cliente Industrial C,Vidrio Templado,335,151.67,6/23/2025,7/3/2025,50809.45
601,Cliente Industrial C,Vidrio Flotado,438,145.49,9/13/2025,9/18/2025,63724.62
602,Cliente Exportacion D,Vidrio Flotado,193,165.61,5/21/2025,5/24/2025,31962.73
603,Cliente Construccion B,Vidrio Flotado,198,206.02,5/4/2025,5/16/2025,40791.96
604,Cliente Industrial C,Vidrio Laminado,491,248.54,6/10/2025,6/15/2025,122033.14
605,Cliente Industrial C,Vidrio Templado,485,330.14,5/15/2025,5/29/2025,160117.9
606,Cliente Automotriz A,Vidrio Templado,192,234.1,7/29/2025,8/6/2025,44947.2
607,Cliente Exportacion D,Vidrio Templado,97,247.16,1/2/2026,1/7/2026,23974.52
608,Cliente Construccion B,Vidrio Laminado,483,164.98,10/14/2025,10/20/2025,79685.34
609,Cliente Construccion B,Vidrio Laminado,351,189.75,11/17/2025,11/25/2025,66602.25
610,Cliente Construccion B,Vidrio Templado,215,175.83,11/12/2025,11/20/2025,37803.45
611,Cliente Industrial C,Vidrio Laminado,290,313.5,9/19/2025,9/30/2025,90915
612,Cliente Construccion B,Vidrio Flotado,312,235.68,7/20/2025,8/2/2025,73532.16
613,Cliente Industrial C,Vidrio Laminado,367,134.91,3/31/2025,4/4/2025,49511.97
614,Cliente Automotriz A,Vidrio Templado,206,300.7,3/31/2025,4/14/2025,61944.2
615,Cliente Automotriz A,Vidrio Flotado,126,303.24,8/9/2025,8/16/2025,38208.24
616,Cliente Industrial C,Vidrio Templado,150,283.25,9/16/2025,9/28/2025,42487.5
617,Cliente Construccion B,Vidrio Laminado,61,339.91,7/14/2025,7/19/2025,20734.51
618,Cliente Industrial C,Vidrio Flotado,313,275.63,1/16/2026,1/27/2026,86272.19
619,Cliente Construccion B,Vidrio Laminado,406,124,5/2/2025,5/11/2025,50344
620,Cliente Automotriz A,Vidrio Laminado,197,306.74,3/25/2025,4/7/2025,60427.78
621,Cliente Automotriz A,Vidrio Flotado,190,201.47,10/12/2025,10/23/2025,38279.3
622,Cliente Industrial C,Vidrio Templado,368,260.65,6/14/2025,6/26/2025,95919.2
623,Cliente Industrial C,Vidrio Templado,135,154.99,5/22/2025,6/3/2025,20923.65
624,Cliente Automotriz A,Vidrio Templado,496,271.8,2/1/2026,2/11/2026,134812.8
625,Cliente Construccion B,Vidrio Flotado,469,138.36,7/1/2025,7/8/2025,64890.84
626,Cliente Construccion B,Vidrio Templado,242,149.95,8/4/2025,8/14/2025,36287.9
627,Cliente Construccion B,Vidrio Laminado,290,146.02,8/30/2025,9/9/2025,42345.8
628,Cliente Construccion B,Vidrio Templado,168,249.18,4/23/2025,5/1/2025,41862.24
629,Cliente Construccion B,Vidrio Laminado,254,189.07,10/20/2025,10/25/2025,48023.78
630,Cliente Construccion B,Vidrio Flotado,112,333.36,12/31/2025,1/8/2026,37336.32
631,Cliente Industrial C,Vidrio Templado,88,196.36,5/31/2025,6/9/2025,17279.68
632,Cliente Automotriz A,Vidrio Templado,362,329.19,6/14/2025,6/22/2025,119166.78
633,Cliente Automotriz A,Vidrio Laminado,250,138.42,2/1/2026,2/16/2026,34605
634,Cliente Construccion B,Vidrio Flotado,162,168.47,2/6/2025,2/8/2025,27292.14
635,Cliente Automotriz A,Vidrio Templado,402,272.33,10/29/2025,11/4/2025,109476.66
636,Cliente Exportacion D,Vidrio Flotado,418,251.24,2/10/2025,2/21/2025,105018.32
637,Cliente Industrial C,Vidrio Flotado,175,237.41,8/1/2025,8/16/2025,41546.75
638,Cliente Exportacion D,Vidrio Laminado,357,267.52,4/25/2025,4/28/2025,95504.64
639,Cliente Industrial C,Vidrio Laminado,454,300.73,9/22/2025,9/24/2025,136531.42
640,Cliente Automotriz A,Vidrio Laminado,159,168.83,1/2/2026,1/15/2026,26843.97
641,Cliente Exportacion D,Vidrio Flotado,330,280.29,12/28/2025,1/7/2026,92495.7
642,Cliente Industrial C,Vidrio Templado,300,339.33,5/31/2025,6/7/2025,101799
643,Cliente Exportacion D,Vidrio Laminado,288,327.08,5/11/2025,5/19/2025,94199.04
644,Cliente Construccion B,Vidrio Templado,309,131.61,4/24/2025,4/27/2025,40667.49
645,Cliente Industrial C,Vidrio Laminado,438,295.54,7/28/2025,8/7/2025,129446.52
646,Cliente Construccion B,Vidrio Flotado,373,224.48,1/29/2026,2/12/2026,83731.04
647,Cliente Construccion B,Vidrio Templado,349,330.84,10/1/2025,10/13/2025,115463.16
648,Cliente Construccion B,Vidrio Flotado,176,156.51,3/14/2025,3/25/2025,27545.76
649,Cliente Exportacion D,Vidrio Flotado,176,159.75,1/29/2026,2/4/2026,28116
650,Cliente Construccion B,Vidrio Laminado,483,280.12,6/21/2025,6/29/2025,135297.96
651,Cliente Exportacion D,Vidrio Flotado,372,152.85,2/1/2026,2/5/2026,56860.2
652,Cliente Automotriz A,Vidrio Laminado,114,152.72,5/13/2025,5/27/2025,17410.08
653,Cliente Automotriz A,Vidrio Templado,160,349.75,12/9/2025,12/19/2025,55960
654,Cliente Exportacion D,Vidrio Laminado,414,149.72,9/4/2025,9/12/2025,61984.08
655,Cliente Exportacion D,Vidrio Laminado,166,276.47,11/18/2025,12/2/2025,45894.02
656,Cliente Automotriz A,Vidrio Templado,192,148.73,12/23/2025,12/26/2025,28556.16
657,Cliente Construccion B,Vidrio Templado,160,132.7,1/29/2026,2/2/2026,21232
658,Cliente Exportacion D,Vidrio Laminado,290,312.9,7/15/2025,7/23/2025,90741
659,Cliente Industrial C,Vidrio Laminado,150,214.07,6/6/2025,6/8/2025,32110.5
660,Cliente Automotriz A,Vidrio Templado,238,334.93,12/2/2025,12/8/2025,79713.34
661,Cliente Construccion B,Vidrio Templado,366,145.93,5/23/2025,5/27/2025,53410.38
662,Cliente Exportacion D,Vidrio Laminado,56,309.03,3/10/2025,3/13/2025,17305.68
663,Cliente Industrial C,Vidrio Flotado,256,324.83,8/27/2025,9/3/2025,83156.48
664,Cliente Exportacion D,Vidrio Flotado,478,299.05,11/26/2025,12/7/2025,142945.9
665,Cliente Automotriz A,Vidrio Flotado,212,283.95,7/26/2025,8/6/2025,60197.4
666,Cliente Exportacion D,Vidrio Templado,237,278.74,2/28/2025,3/13/2025,66061.38
667,Cliente Industrial C,Vidrio Templado,437,183.51,9/30/2025,10/5/2025,80193.87
668,Cliente Industrial C,Vidrio Laminado,238,190.16,4/14/2025,4/26/2025,45258.08
669,Cliente Automotriz A,Vidrio Templado,166,306.09,2/16/2025,2/22/2025,50810.94
670,Cliente Construccion B,Vidrio Flotado,381,130.38,3/21/2025,4/4/2025,49674.78
671,Cliente Construccion B,Vidrio Templado,335,221.78,6/14/2025,6/21/2025,74296.3
672,Cliente Exportacion D,Vidrio Templado,493,287.14,6/27/2025,7/5/2025,141560.02
673,Cliente Construccion B,Vidrio Templado,474,317.65,11/2/2025,11/15/2025,150566.1
674,Cliente Industrial C,Vidrio Laminado,420,125.72,7/2/2025,7/5/2025,52802.4
675,Cliente Construccion B,Vidrio Laminado,192,153.02,10/23/2025,11/5/2025,29379.84
676,Cliente Exportacion D,Vidrio Flotado,397,241.88,5/14/2025,5/24/2025,96026.36
677,Cliente Automotriz A,Vidrio Templado,349,157.59,1/19/2026,1/23/2026,54998.91
678,Cliente Exportacion D,Vidrio Templado,177,308.09,1/18/2026,1/27/2026,54531.93
679,Cliente Automotriz A,Vidrio Laminado,62,233.04,11/7/2025,11/16/2025,14448.48
680,Cliente Exportacion D,Vidrio Flotado,291,221.83,12/16/2025,12/23/2025,64552.53
681,Cliente Automotriz A,Vidrio Templado,397,328.97,10/3/2025,10/6/2025,130601.09
682,Cliente Construccion B,Vidrio Flotado,138,319.63,10/12/2025,10/21/2025,44108.94
683,Cliente Exportacion D,Vidrio Laminado,170,191,3/28/2025,4/11/2025,32470
684,Cliente Industrial C,Vidrio Templado,83,333.38,5/19/2025,6/2/2025,27670.54
685,Cliente Automotriz A,Vidrio Laminado,453,304.39,7/6/2025,7/11/2025,137888.67
686,Cliente Construccion B,Vidrio Templado,178,190.97,6/2/2025,6/12/2025,33992.66
687,Cliente Automotriz A,Vidrio Templado,466,219.66,9/4/2025,9/11/2025,102361.56
688,Cliente Industrial C,Vidrio Templado,81,128.63,12/27/2025,1/2/2026,10419.03
689,Cliente Industrial C,Vidrio Flotado,175,162.43,2/4/2025,2/19/2025,28425.25
690,Cliente Industrial C,Vidrio Flotado,462,267.09,3/11/2025,3/25/2025,123395.58
691,Cliente Construccion B,Vidrio Flotado,68,123.62,10/18/2025,10/22/2025,8406.16
692,Cliente Automotriz A,Vidrio Flotado,255,218.76,5/29/2025,6/6/2025,55783.8
693,Cliente Industrial C,Vidrio Templado,356,336.05,2/2/2025,2/9/2025,119633.8
694,Cliente Industrial C,Vidrio Templado,326,296.08,1/10/2026,1/15/2026,96522.08
695,Cliente Automotriz A,Vidrio Templado,386,264.32,9/18/2025,9/29/2025,102027.52
696,Cliente Construccion B,Vidrio Templado,379,249.41,5/2/2025,5/15/2025,94526.39
697,Cliente Construccion B,Vidrio Laminado,73,349.17,8/19/2025,8/30/2025,25489.41
698,Cliente Construccion B,Vidrio Laminado,89,259.69,11/2/2025,11/9/2025,23112.41
699,Cliente Exportacion D,Vidrio Laminado,145,121.75,7/16/2025,7/18/2025,17653.75
700,Cliente Exportacion D,Vidrio Flotado,493,316.73,2/16/2025,2/23/2025,156147.89
701,Cliente Exportacion D,Vidrio Templado,287,299.86,6/3/2025,6/11/2025,86059.82
702,Cliente Industrial C,Vidrio Templado,485,211.91,8/25/2025,8/29/2025,102776.35
703,Cliente Automotriz A,Vidrio Templado,438,177.15,8/6/2025,8/11/2025,77591.7
704,Cliente Industrial C,Vidrio Templado,308,215.2,5/10/2025,5/13/2025,66281.6
705,Cliente Construccion B,Vidrio Flotado,491,171.46,7/18/2025,7/29/2025,84186.86
706,Cliente Industrial C,Vidrio Flotado,79,314.9,7/24/2025,8/5/2025,24877.1
707,Cliente Construccion B,Vidrio Templado,126,203.33,11/28/2025,12/8/2025,25619.58
708,Cliente Industrial C,Vidrio Flotado,111,339.54,5/2/2025,5/4/2025,37688.94
709,Cliente Industrial C,Vidrio Laminado,420,255.3,9/8/2025,9/16/2025,107226
710,Cliente Industrial C,Vidrio Laminado,337,144.08,6/27/2025,7/2/2025,48554.96
711,Cliente Exportacion D,Vidrio Templado,500,169.96,6/10/2025,6/21/2025,84980
712,Cliente Automotriz A,Vidrio Laminado,243,218.38,10/18/2025,10/27/2025,53066.34
713,Cliente Exportacion D,Vidrio Flotado,283,155.97,10/14/2025,10/28/2025,44139.51
714,Cliente Construccion B,Vidrio Flotado,229,342,6/12/2025,6/19/2025,78318
715,Cliente Automotriz A,Vidrio Templado,479,233.64,3/12/2025,3/24/2025,111913.56
716,Cliente Construccion B,Vidrio Laminado,150,131.65,8/2/2025,8/12/2025,19747.5
717,Cliente Exportacion D,Vidrio Laminado,268,120.42,11/9/2025,11/23/2025,32272.56
718,Cliente Exportacion D,Vidrio Laminado,211,254.31,5/6/2025,5/12/2025,53659.41
719,Cliente Automotriz A,Vidrio Flotado,287,233.67,11/6/2025,11/19/2025,67063.29
720,Cliente Automotriz A,Vidrio Templado,362,289.99,7/28/2025,8/6/2025,104976.38
721,Cliente Automotriz A,Vidrio Laminado,414,170.3,3/2/2025,3/14/2025,70504.2
722,Cliente Industrial C,Vidrio Flotado,232,296,6/8/2025,6/14/2025,68672
723,Cliente Automotriz A,Vidrio Flotado,350,286.1,4/21/2025,5/1/2025,100135
724,Cliente Industrial C,Vidrio Laminado,189,292.35,4/2/2025,4/10/2025,55254.15
725,Cliente Automotriz A,Vidrio Flotado,420,307.49,1/14/2026,1/17/2026,129145.8
726,Cliente Construccion B,Vidrio Flotado,462,153.78,11/13/2025,11/15/2025,71046.36
727,Cliente Industrial C,Vidrio Templado,109,218.67,12/29/2025,1/4/2026,23835.03
728,Cliente Exportacion D,Vidrio Laminado,147,226.88,8/8/2025,8/23/2025,33351.36
729,Cliente Automotriz A,Vidrio Laminado,485,306.31,4/16/2025,4/24/2025,148560.35
730,Cliente Exportacion D,Vidrio Flotado,379,284.65,5/26/2025,6/6/2025,107882.35
731,Cliente Automotriz A,Vidrio Flotado,263,255.44,3/15/2025,3/28/2025,67180.72
732,Cliente Industrial C,Vidrio Laminado,402,262.13,10/6/2025,10/15/2025,105376.26
733,Cliente Construccion B,Vidrio Laminado,383,186.19,5/24/2025,5/26/2025,71310.77
734,Cliente Exportacion D,Vidrio Flotado,184,228.18,6/18/2025,7/2/2025,41985.12
735,Cliente Exportacion D,Vidrio Flotado,365,185.15,2/1/2025,2/4/2025,67579.75
736,Cliente Industrial C,Vidrio Laminado,276,246.79,10/30/2025,11/4/2025,68114.04
737,Cliente Industrial C,Vidrio Flotado,125,273,5/24/2025,6/8/2025,34125
738,Cliente Exportacion D,Vidrio Flotado,169,200.25,1/29/2026,2/2/2026,33842.25
739,Cliente Construccion B,Vidrio Templado,464,208.57,7/10/2025,7/25/2025,96776.48
740,Cliente Exportacion D,Vidrio Flotado,357,200.27,2/28/2025,3/2/2025,71496.39
741,Cliente Industrial C,Vidrio Templado,152,228.1,7/9/2025,7/12/2025,34671.2
742,Cliente Exportacion D,Vidrio Templado,402,226.89,6/17/2025,6/20/2025,91209.78
743,Cliente Automotriz A,Vidrio Laminado,120,245.5,3/4/2025,3/19/2025,29460
744,Cliente Automotriz A,Vidrio Flotado,312,253.03,12/10/2025,12/24/2025,78945.36
745,Cliente Exportacion D,Vidrio Templado,326,259.19,4/21/2025,4/27/2025,84495.94
746,Cliente Industrial C,Vidrio Laminado,421,154.61,7/9/2025,7/23/2025,65090.81
747,Cliente Construccion B,Vidrio Templado,454,180.1,12/20/2025,1/1/2026,81765.4
748,Cliente Exportacion D,Vidrio Flotado,254,285.71,2/7/2025,2/9/2025,72570.34
749,Cliente Industrial C,Vidrio Laminado,101,329.03,1/28/2026,2/8/2026,33232.03
750,Cliente Automotriz A,Vidrio Flotado,431,169.65,3/13/2025,3/22/2025,73119.15
751,Cliente Construccion B,Vidrio Templado,52,246.56,6/24/2025,6/28/2025,12821.12
752,Cliente Automotriz A,Vidrio Templado,488,280.84,7/2/2025,7/11/2025,137049.92
753,Cliente Industrial C,Vidrio Flotado,94,136.21,5/30/2025,6/6/2025,12803.74
754,Cliente Construccion B,Vidrio Templado,151,164.15,10/4/2025,10/10/2025,24786.65
755,Cliente Construccion B,Vidrio Laminado,140,288,1/4/2026,1/8/2026,40320
756,Cliente Construccion B,Vidrio Laminado,265,323.92,2/2/2025,2/6/2025,85838.8
757,Cliente Automotriz A,Vidrio Laminado,486,296.05,2/25/2025,2/28/2025,143880.3
758,Cliente Industrial C,Vidrio Flotado,261,122.89,6/19/2025,6/26/2025,32074.29
759,Cliente Construccion B,Vidrio Templado,162,121.93,5/31/2025,6/12/2025,19752.66
760,Cliente Construccion B,Vidrio Laminado,260,279.46,6/8/2025,6/17/2025,72659.6
761,Cliente Construccion B,Vidrio Laminado,361,254.51,11/22/2025,11/29/2025,91878.11
762,Cliente Automotriz A,Vidrio Flotado,65,185.98,12/27/2025,1/6/2026,12088.7
763,Cliente Exportacion D,Vidrio Laminado,119,131.94,8/12/2025,8/16/2025,15700.86
764,Cliente Construccion B,Vidrio Laminado,464,261.24,2/4/2025,2/9/2025,121215.36
765,Cliente Exportacion D,Vidrio Flotado,337,334.14,5/17/2025,5/21/2025,112605.18
766,Cliente Construccion B,Vidrio Laminado,78,188.24,10/23/2025,11/2/2025,14682.72
767,Cliente Industrial C,Vidrio Flotado,167,219.41,3/25/2025,3/27/2025,36641.47
768,Cliente Industrial C,Vidrio Laminado,492,251.84,11/1/2025,11/8/2025,123905.28
769,Cliente Automotriz A,Vidrio Templado,237,132.43,5/6/2025,5/19/2025,31385.91
770,Cliente Exportacion D,Vidrio Laminado,353,344.95,4/23/2025,4/30/2025,121767.35
771,Cliente Automotriz A,Vidrio Templado,129,347.09,2/10/2025,2/13/2025,44774.61
772,Cliente Automotriz A,Vidrio Flotado,340,279.05,2/11/2025,2/20/2025,94877
773,Cliente Exportacion D,Vidrio Templado,70,249.83,7/30/2025,8/3/2025,17488.1
774,Cliente Industrial C,Vidrio Templado,161,263.8,1/11/2026,1/13/2026,42471.8
775,Cliente Automotriz A,Vidrio Templado,423,345.02,12/13/2025,12/18/2025,145943.46
776,Cliente Automotriz A,Vidrio Flotado,221,316.41,9/9/2025,9/22/2025,69926.61
777,Cliente Exportacion D,Vidrio Laminado,329,213.2,2/8/2025,2/21/2025,70142.8
778,Cliente Automotriz A,Vidrio Flotado,112,187.52,12/26/2025,1/7/2026,21002.24
779,Cliente Construccion B,Vidrio Templado,130,343.16,2/3/2025,2/5/2025,44610.8
780,Cliente Automotriz A,Vidrio Templado,419,275.95,11/3/2025,11/14/2025,115623.05
781,Cliente Construccion B,Vidrio Flotado,430,275.94,3/8/2025,3/20/2025,118654.2
782,Cliente Exportacion D,Vidrio Laminado,369,332.22,3/11/2025,3/26/2025,122589.18
783,Cliente Exportacion D,Vidrio Flotado,155,260.14,4/21/2025,4/29/2025,40321.7
784,Cliente Construccion B,Vidrio Templado,445,325.82,2/22/2025,2/27/2025,144989.9
785,Cliente Construccion B,Vidrio Flotado,119,207.71,11/29/2025,12/1/2025,24717.49
786,Cliente Industrial C,Vidrio Laminado,480,123.4,6/3/2025,6/17/2025,59232
787,Cliente Automotriz A,Vidrio Laminado,170,205.03,7/9/2025,7/18/2025,34855.1
788,Cliente Automotriz A,Vidrio Laminado,407,322.11,7/16/2025,7/31/2025,131098.77
789,Cliente Exportacion D,Vidrio Templado,347,283.12,8/29/2025,9/1/2025,98242.64
790,Cliente Automotriz A,Vidrio Flotado,475,194.46,11/23/2025,12/1/2025,92368.5
791,Cliente Construccion B,Vidrio Flotado,346,164.44,4/23/2025,5/6/2025,56896.24
792,Cliente Industrial C,Vidrio Laminado,115,211.7,5/13/2025,5/22/2025,24345.5
793,Cliente Industrial C,Vidrio Flotado,279,279.44,9/10/2025,9/24/2025,77963.76
794,Cliente Industrial C,Vidrio Templado,119,241.33,4/11/2025,4/19/2025,28718.27
795,Cliente Construccion B,Vidrio Flotado,78,324.05,7/13/2025,7/19/2025,25275.9
796,Cliente Construccion B,Vidrio Laminado,158,345.96,11/30/2025,12/8/2025,54661.68
797,Cliente Industrial C,Vidrio Flotado,231,315.16,12/5/2025,12/9/2025,72801.96
798,Cliente Automotriz A,Vidrio Laminado,307,160.86,12/6/2025,12/15/2025,49384.02
799,Cliente Automotriz A,Vidrio Templado,256,268.36,11/10/2025,11/24/2025,68700.16
800,Cliente Industrial C,Vidrio Flotado,225,315.65,7/13/2025,7/20/2025,71021.25
801,Cliente Automotriz A,Vidrio Laminado,365,316.79,8/18/2025,8/24/2025,115628.35
802,Cliente Automotriz A,Vidrio Flotado,99,244.12,8/31/2025,9/15/2025,24167.88
803,Cliente Automotriz A,Vidrio Laminado,205,248.33,11/27/2025,12/5/2025,50907.65
804,Cliente Automotriz A,Vidrio Laminado,121,131.54,1/28/2026,2/9/2026,15916.34
805,Cliente Construccion B,Vidrio Flotado,64,151.26,3/24/2025,4/2/2025,9680.64
806,Cliente Automotriz A,Vidrio Templado,393,257.89,7/6/2025,7/18/2025,101350.77
807,Cliente Automotriz A,Vidrio Flotado,344,181.42,5/1/2025,5/10/2025,62408.48
808,Cliente Industrial C,Vidrio Laminado,385,250.03,8/23/2025,9/3/2025,96261.55
809,Cliente Construccion B,Vidrio Templado,150,146.01,5/15/2025,5/19/2025,21901.5
810,Cliente Automotriz A,Vidrio Templado,50,154.85,11/2/2025,11/9/2025,7742.5
811,Cliente Industrial C,Vidrio Templado,166,138.43,6/28/2025,7/8/2025,22979.38
812,Cliente Automotriz A,Vidrio Templado,355,267.67,2/4/2025,2/19/2025,95022.85
813,Cliente Construccion B,Vidrio Laminado,281,332.89,6/19/2025,7/2/2025,93542.09
814,Cliente Industrial C,Vidrio Laminado,95,283.01,10/30/2025,11/14/2025,26885.95
815,Cliente Industrial C,Vidrio Flotado,189,261.5,12/7/2025,12/11/2025,49423.5
816,Cliente Industrial C,Vidrio Flotado,232,244.21,5/5/2025,5/8/2025,56656.72
817,Cliente Industrial C,Vidrio Flotado,237,324.52,12/8/2025,12/19/2025,76911.24
818,Cliente Construccion B,Vidrio Flotado,243,126.71,4/13/2025,4/16/2025,30790.53
819,Cliente Industrial C,Vidrio Laminado,149,287.39,6/16/2025,6/29/2025,42821.11
820,Cliente Industrial C,Vidrio Laminado,340,183.22,6/23/2025,6/25/2025,62294.8
821,Cliente Industrial C,Vidrio Laminado,81,345.85,2/25/2025,3/11/2025,28013.85
822,Cliente Industrial C,Vidrio Laminado,165,192.89,4/29/2025,5/2/2025,31826.85
823,Cliente Industrial C,Vidrio Templado,88,242.55,3/24/2025,3/28/2025,21344.4
824,Cliente Industrial C,Vidrio Templado,270,235.93,4/9/2025,4/23/2025,63701.1
825,Cliente Construccion B,Vidrio Templado,232,163.21,1/23/2026,2/1/2026,37864.72
826,Cliente Automotriz A,Vidrio Flotado,102,342.59,3/10/2025,3/24/2025,34944.18
827,Cliente Exportacion D,Vidrio Laminado,496,274.42,11/24/2025,12/7/2025,136112.32
828,Cliente Construccion B,Vidrio Flotado,345,215.8,8/12/2025,8/16/2025,74451
829,Cliente Construccion B,Vidrio Templado,409,334.53,11/6/2025,11/14/2025,136822.77
830,Cliente Exportacion D,Vidrio Flotado,396,300.99,9/28/2025,10/7/2025,119192.04
831,Cliente Exportacion D,Vidrio Templado,212,149.73,2/1/2025,2/10/2025,31742.76
832,Cliente Exportacion D,Vidrio Flotado,174,288.15,3/27/2025,3/30/2025,50138.1
833,Cliente Industrial C,Vidrio Templado,172,156.4,12/22/2025,12/26/2025,26900.8
834,Cliente Industrial C,Vidrio Laminado,134,215.63,10/16/2025,10/25/2025,28894.42
835,Cliente Industrial C,Vidrio Templado,245,241.77,7/9/2025,7/20/2025,59233.65
836,Cliente Exportacion D,Vidrio Flotado,152,240.12,8/31/2025,9/11/2025,36498.24
837,Cliente Exportacion D,Vidrio Flotado,201,318.83,7/23/2025,8/7/2025,64084.83
838,Cliente Construccion B,Vidrio Laminado,421,204.6,1/22/2026,2/3/2026,86136.6
839,Cliente Automotriz A,Vidrio Laminado,86,288.48,9/1/2025,9/4/2025,24809.28
840,Cliente Industrial C,Vidrio Templado,229,333.97,5/9/2025,5/11/2025,76479.13
841,Cliente Industrial C,Vidrio Templado,77,311.61,10/12/2025,10/22/2025,23993.97
842,Cliente Automotriz A,Vidrio Flotado,432,344.19,7/13/2025,7/24/2025,148690.08
843,Cliente Automotriz A,Vidrio Templado,418,267.88,10/3/2025,10/6/2025,111973.84
844,Cliente Automotriz A,Vidrio Templado,363,335.97,8/14/2025,8/29/2025,121957.11
845,Cliente Automotriz A,Vidrio Laminado,89,148.83,3/13/2025,3/20/2025,13245.87
846,Cliente Industrial C,Vidrio Flotado,244,254.39,12/23/2025,1/7/2026,62071.16
847,Cliente Exportacion D,Vidrio Templado,110,331.18,9/10/2025,9/21/2025,36429.8
848,Cliente Construccion B,Vidrio Laminado,383,216.85,1/17/2026,1/31/2026,83053.55
849,Cliente Industrial C,Vidrio Flotado,181,230.48,11/16/2025,11/25/2025,41716.88
850,Cliente Construccion B,Vidrio Templado,430,296.67,4/30/2025,5/8/2025,127568.1
851,Cliente Industrial C,Vidrio Templado,483,275.42,4/13/2025,4/17/2025,133027.86
852,Cliente Construccion B,Vidrio Laminado,352,333.42,4/10/2025,4/17/2025,117363.84
853,Cliente Industrial C,Vidrio Laminado,79,322.76,5/3/2025,5/13/2025,25498.04
854,Cliente Automotriz A,Vidrio Templado,66,143.34,11/22/2025,12/6/2025,9460.44
855,Cliente Construccion B,Vidrio Laminado,93,185.24,5/24/2025,6/6/2025,17227.32
856,Cliente Industrial C,Vidrio Flotado,284,213.68,6/30/2025,7/7/2025,60685.12
857,Cliente Industrial C,Vidrio Templado,185,331.88,6/6/2025,6/21/2025,61397.8
858,Cliente Industrial C,Vidrio Laminado,90,253.92,1/30/2026,2/7/2026,22852.8
859,Cliente Industrial C,Vidrio Flotado,248,150.05,5/8/2025,5/10/2025,37212.4
860,Cliente Industrial C,Vidrio Templado,186,294.59,12/24/2025,1/6/2026,54793.74
861,Cliente Construccion B,Vidrio Templado,62,249.84,12/17/2025,12/22/2025,15490.08
862,Cliente Construccion B,Vidrio Laminado,137,345.31,8/22/2025,8/31/2025,47307.47
863,Cliente Construccion B,Vidrio Laminado,96,316.08,8/12/2025,8/26/2025,30343.68
864,Cliente Construccion B,Vidrio Flotado,469,349.63,4/2/2025,4/6/2025,163976.47
865,Cliente Industrial C,Vidrio Templado,311,299.81,3/6/2025,3/20/2025,93240.91
866,Cliente Automotriz A,Vidrio Flotado,291,135.2,7/17/2025,7/24/2025,39343.2
867,Cliente Industrial C,Vidrio Laminado,304,267.42,12/1/2025,12/7/2025,81295.68
868,Cliente Exportacion D,Vidrio Laminado,135,297.89,4/9/2025,4/13/2025,40215.15
869,Cliente Industrial C,Vidrio Laminado,411,261.73,2/22/2025,2/28/2025,107571.03
870,Cliente Construccion B,Vidrio Templado,433,240.3,6/19/2025,6/30/2025,104049.9
871,Cliente Industrial C,Vidrio Laminado,437,128.07,12/19/2025,12/25/2025,55966.59
872,Cliente Automotriz A,Vidrio Laminado,330,307.38,3/31/2025,4/13/2025,101435.4
873,Cliente Exportacion D,Vidrio Templado,107,289.62,8/6/2025,8/10/2025,30989.34
874,Cliente Industrial C,Vidrio Templado,429,283.23,3/1/2025,3/4/2025,121505.67
875,Cliente Construccion B,Vidrio Laminado,417,232.72,10/9/2025,10/11/2025,97044.24
876,Cliente Exportacion D,Vidrio Flotado,143,275.09,12/20/2025,12/28/2025,39337.87
877,Cliente Exportacion D,Vidrio Flotado,190,176.18,7/17/2025,7/22/2025,33474.2
878,Cliente Automotriz A,Vidrio Laminado,190,317.24,6/11/2025,6/22/2025,60275.6
879,Cliente Exportacion D,Vidrio Laminado,246,332.04,9/17/2025,9/23/2025,81681.84
880,Cliente Automotriz A,Vidrio Templado,494,123.12,10/31/2025,11/7/2025,60821.28
881,Cliente Industrial C,Vidrio Laminado,332,251.13,11/23/2025,12/2/2025,83375.16
882,Cliente Construccion B,Vidrio Flotado,195,168.48,12/26/2025,1/8/2026,32853.6
883,Cliente Construccion B,Vidrio Laminado,305,148.61,3/17/2025,3/27/2025,45326.05
884,Cliente Automotriz A,Vidrio Laminado,271,120.37,4/21/2025,4/25/2025,32620.27
885,Cliente Construccion B,Vidrio Laminado,231,134.46,2/3/2025,2/6/2025,31060.26
886,Cliente Construccion B,Vidrio Templado,150,268.32,10/26/2025,11/10/2025,40248
887,Cliente Industrial C,Vidrio Laminado,317,137.61,11/20/2025,11/29/2025,43622.37
888,Cliente Exportacion D,Vidrio Templado,388,182.79,3/14/2025,3/22/2025,70922.52
889,Cliente Automotriz A,Vidrio Flotado,268,223.17,8/29/2025,9/11/2025,59809.56
890,Cliente Automotriz A,Vidrio Templado,250,232.77,3/7/2025,3/9/2025,58192.5
891,Cliente Exportacion D,Vidrio Laminado,84,278.79,6/24/2025,6/29/2025,23418.36
892,Cliente Exportacion D,Vidrio Templado,250,137.56,11/6/2025,11/20/2025,34390
893,Cliente Automotriz A,Vidrio Flotado,324,241.8,5/26/2025,6/9/2025,78343.2
894,Cliente Automotriz A,Vidrio Flotado,141,346.26,12/28/2025,1/7/2026,48822.66
895,Cliente Industrial C,Vidrio Flotado,232,159.51,1/13/2026,1/16/2026,37006.32
896,Cliente Construccion B,Vidrio Laminado,318,328.02,4/26/2025,5/3/2025,104310.36
897,Cliente Automotriz A,Vidrio Flotado,142,300.57,8/28/2025,9/9/2025,42680.94
898,Cliente Industrial C,Vidrio Templado,460,222.94,1/4/2026,1/11/2026,102552.4
899,Cliente Construccion B,Vidrio Laminado,338,236.14,9/12/2025,9/16/2025,79815.32
900,Cliente Automotriz A,Vidrio Laminado,149,275.26,9/21/2025,10/5/2025,41013.74
901,Cliente Construccion B,Vidrio Flotado,65,302.23,2/25/2025,3/6/2025,19644.95
902,Cliente Construccion B,Vidrio Laminado,211,127.93,2/25/2025,2/27/2025,26993.23
903,Cliente Industrial C,Vidrio Laminado,479,332.15,3/24/2025,3/31/2025,159099.85
904,Cliente Automotriz A,Vidrio Laminado,489,344.62,2/7/2025,2/12/2025,168519.18
905,Cliente Industrial C,Vidrio Flotado,185,168.01,5/13/2025,5/27/2025,31081.85
906,Cliente Automotriz A,Vidrio Laminado,458,181.68,6/30/2025,7/4/2025,83209.44
907,Cliente Exportacion D,Vidrio Flotado,376,211.97,11/20/2025,12/3/2025,79700.72
908,Cliente Exportacion D,Vidrio Templado,451,200.19,6/9/2025,6/21/2025,90285.69
909,Cliente Construccion B,Vidrio Flotado,53,336.7,5/18/2025,6/1/2025,17845.1
910,Cliente Exportacion D,Vidrio Laminado,193,246.84,2/9/2025,2/12/2025,47640.12
911,Cliente Exportacion D,Vidrio Flotado,406,339,5/20/2025,5/27/2025,137634
912,Cliente Automotriz A,Vidrio Laminado,179,262.79,1/15/2026,1/26/2026,47039.41
913,Cliente Construccion B,Vidrio Flotado,447,250.06,6/25/2025,7/5/2025,111776.82
914,Cliente Exportacion D,Vidrio Flotado,193,302.82,4/23/2025,4/28/2025,58444.26
915,Cliente Automotriz A,Vidrio Laminado,486,265.32,12/15/2025,12/23/2025,128945.52
916,Cliente Industrial C,Vidrio Flotado,233,336.53,10/9/2025,10/13/2025,78411.49
917,Cliente Automotriz A,Vidrio Flotado,314,332.54,10/2/2025,10/13/2025,104417.56
918,Cliente Exportacion D,Vidrio Flotado,207,158.95,7/26/2025,8/4/2025,32902.65
919,Cliente Automotriz A,Vidrio Flotado,399,344.31,8/6/2025,8/18/2025,137379.69
920,Cliente Industrial C,Vidrio Templado,56,206.87,1/11/2026,1/21/2026,11584.72
921,Cliente Exportacion D,Vidrio Laminado,477,252.2,6/29/2025,7/5/2025,120299.4
922,Cliente Industrial C,Vidrio Templado,67,216.79,11/27/2025,12/9/2025,14524.93
923,Cliente Exportacion D,Vidrio Templado,210,226.56,10/15/2025,10/25/2025,47577.6
924,Cliente Automotriz A,Vidrio Flotado,426,271.93,9/9/2025,9/21/2025,115842.18
925,Cliente Exportacion D,Vidrio Flotado,402,164.52,6/27/2025,7/3/2025,66137.04
926,Cliente Industrial C,Vidrio Laminado,283,225.87,8/22/2025,8/27/2025,63921.21
927,Cliente Construccion B,Vidrio Laminado,89,306.2,2/4/2025,2/7/2025,27251.8
928,Cliente Automotriz A,Vidrio Templado,294,325.53,2/22/2025,3/4/2025,95705.82
929,Cliente Industrial C,Vidrio Flotado,366,301.53,7/29/2025,8/8/2025,110359.98
930,Cliente Industrial C,Vidrio Flotado,152,281.35,3/17/2025,3/26/2025,42765.2
931,Cliente Exportacion D,Vidrio Templado,131,186.96,11/10/2025,11/21/2025,24491.76
932,Cliente Industrial C,Vidrio Laminado,348,261.29,1/31/2026,2/12/2026,90928.92
933,Cliente Construccion B,Vidrio Flotado,279,276.68,12/19/2025,12/21/2025,77193.72
934,Cliente Construccion B,Vidrio Templado,411,250.43,12/17/2025,12/24/2025,102926.73
935,Cliente Construccion B,Vidrio Flotado,329,139.59,10/18/2025,11/2/2025,45925.11
936,Cliente Exportacion D,Vidrio Laminado,104,210.18,11/20/2025,12/1/2025,21858.72
937,Cliente Construccion B,Vidrio Templado,140,270.76,7/3/2025,7/16/2025,37906.4
938,Cliente Industrial C,Vidrio Laminado,135,161.97,11/17/2025,11/28/2025,21865.95
939,Cliente Industrial C,Vidrio Flotado,434,171.48,1/15/2026,1/19/2026,74422.32
940,Cliente Automotriz A,Vidrio Flotado,170,164.31,7/1/2025,7/12/2025,27932.7
941,Cliente Construccion B,Vidrio Laminado,415,343.57,9/29/2025,10/12/2025,142581.55
942,Cliente Industrial C,Vidrio Templado,426,153.5,11/30/2025,12/3/2025,65391
943,Cliente Construccion B,Vidrio Templado,167,193.63,12/30/2025,1/5/2026,32336.21
944,Cliente Construccion B,Vidrio Flotado,136,337.07,1/3/2026,1/12/2026,45841.52
945,Cliente Construccion B,Vidrio Laminado,285,283.84,3/17/2025,3/29/2025,80894.4
946,Cliente Industrial C,Vidrio Flotado,468,173.46,7/28/2025,8/6/2025,81179.28
947,Cliente Construccion B,Vidrio Templado,281,325.44,11/9/2025,11/12/2025,91448.64
948,Cliente Automotriz A,Vidrio Templado,274,235.17,12/18/2025,12/24/2025,64436.58
949,Cliente Exportacion D,Vidrio Laminado,58,236.28,11/7/2025,11/10/2025,13704.24
950,Cliente Industrial C,Vidrio Flotado,418,336.06,6/22/2025,7/4/2025,140473.08
951,Cliente Automotriz A,Vidrio Templado,176,301.28,2/6/2025,2/13/2025,53025.28
952,Cliente Exportacion D,Vidrio Flotado,168,220.66,6/15/2025,6/28/2025,37070.88
953,Cliente Construccion B,Vidrio Flotado,470,167.8,8/4/2025,8/13/2025,78866
954,Cliente Automotriz A,Vidrio Flotado,141,248.66,3/19/2025,3/31/2025,35061.06
955,Cliente Industrial C,Vidrio Laminado,194,139.91,5/16/2025,5/28/2025,27142.54
956,Cliente Construccion B,Vidrio Templado,453,134.14,9/3/2025,9/6/2025,60765.42
957,Cliente Automotriz A,Vidrio Flotado,293,182.94,10/20/2025,10/23/2025,53601.42
958,Cliente Construccion B,Vidrio Laminado,94,253.94,7/6/2025,7/11/2025,23870.36
959,Cliente Industrial C,Vidrio Laminado,121,293.03,9/27/2025,10/3/2025,35456.63
960,Cliente Automotriz A,Vidrio Laminado,239,328.29,1/25/2026,1/30/2026,78461.31
961,Cliente Automotriz A,Vidrio Flotado,153,204.11,11/14/2025,11/27/2025,31228.83
962,Cliente Exportacion D,Vidrio Templado,61,227.64,7/30/2025,8/13/2025,13886.04
963,Cliente Exportacion D,Vidrio Templado,326,299.92,1/15/2026,1/28/2026,97773.92
964,Cliente Exportacion D,Vidrio Templado,67,302.9,10/8/2025,10/14/2025,20294.3
965,Cliente Industrial C,Vidrio Laminado,81,145.33,2/19/2025,2/27/2025,11771.73
966,Cliente Construccion B,Vidrio Laminado,179,341.25,3/6/2025,3/17/2025,61083.75
967,Cliente Industrial C,Vidrio Flotado,189,191.82,5/5/2025,5/11/2025,36253.98
968,Cliente Construccion B,Vidrio Templado,389,245.25,2/15/2025,2/20/2025,95402.25
969,Cliente Construccion B,Vidrio Flotado,66,214.76,12/29/2025,1/13/2026,14174.16
970,Cliente Automotriz A,Vidrio Laminado,407,158.49,9/6/2025,9/10/2025,64505.43
971,Cliente Construccion B,Vidrio Flotado,490,212.73,4/7/2025,4/9/2025,104237.7
972,Cliente Automotriz A,Vidrio Flotado,110,265.63,4/23/2025,4/25/2025,29219.3
973,Cliente Automotriz A,Vidrio Templado,335,319.07,9/7/2025,9/22/2025,106888.45
974,Cliente Construccion B,Vidrio Laminado,306,233.74,5/3/2025,5/14/2025,71524.44
975,Cliente Automotriz A,Vidrio Laminado,391,127.17,8/24/2025,9/6/2025,49723.47
976,Cliente Industrial C,Vidrio Flotado,278,159.2,4/29/2025,5/1/2025,44257.6
977,Cliente Industrial C,Vidrio Laminado,63,182.8,10/29/2025,11/13/2025,11516.4
978,Cliente Exportacion D,Vidrio Laminado,293,247.95,1/21/2026,2/1/2026,72649.35
979,Cliente Industrial C,Vidrio Laminado,56,208.21,2/14/2025,2/16/2025,11659.76
980,Cliente Exportacion D,Vidrio Templado,393,121.01,12/17/2025,12/29/2025,47556.93
981,Cliente Exportacion D,Vidrio Laminado,374,154.63,11/23/2025,11/28/2025,57831.62
982,Cliente Automotriz A,Vidrio Laminado,410,209.45,6/23/2025,7/5/2025,85874.5
983,Cliente Automotriz A,Vidrio Laminado,167,142.28,2/27/2025,3/3/2025,23760.76
984,Cliente Construccion B,Vidrio Laminado,272,307.73,3/17/2025,3/27/2025,83702.56
985,Cliente Exportacion D,Vidrio Flotado,124,263.96,6/1/2025,6/15/2025,32731.04
986,Cliente Exportacion D,Vidrio Laminado,378,126.54,8/7/2025,8/16/2025,47832.12
987,Cliente Automotriz A,Vidrio Laminado,404,173.95,5/2/2025,5/4/2025,70275.8
988,Cliente Automotriz A,Vidrio Laminado,296,133.39,5/21/2025,6/2/2025,39483.44
989,Cliente Automotriz A,Vidrio Templado,248,317.48,2/10/2025,2/23/2025,78735.04
990,Cliente Industrial C,Vidrio Flotado,216,248.69,1/22/2026,1/24/2026,53717.04
991,Cliente Industrial C,Vidrio Templado,252,218.47,6/4/2025,6/9/2025,55054.44
992,Cliente Exportacion D,Vidrio Templado,338,172.32,11/8/2025,11/20/2025,58244.16
993,Cliente Exportacion D,Vidrio Templado,497,344.74,11/9/2025,11/23/2025,171335.78
994,Cliente Exportacion D,Vidrio Templado,419,246.78,10/8/2025,10/10/2025,103400.82
995,Cliente Exportacion D,Vidrio Templado,314,195.53,10/12/2025,10/14/2025,61396.42
996,Cliente Automotriz A,Vidrio Flotado,268,173.99,9/17/2025,9/23/2025,46629.32
997,Cliente Construccion B,Vidrio Laminado,254,293.38,8/9/2025,8/24/2025,74518.52
998,Cliente Industrial C,Vidrio Flotado,207,250.78,11/24/2025,11/30/2025,51911.46
999,Cliente Industrial C,Vidrio Templado,279,231.91,1/23/2026,2/7/2026,64702.89
1000,Cliente Construccion B,Vidrio Laminado,448,150.97,10/25/2025,10/30/2025,67634.56
